SpO2,acc_magnitude,alt,ax,ay,az,course,gx,gy,gz,hdop,heart_rate,ir,lat_scaled,lon_scaled,pitch,red,roll,sats,speed,temp,time,yaw
95,9.91,860.8,-0.77,9.22,-3.55,286.78,-0.02,-0.01,0,1.62,70,122553,129340075,775366278,68.5,66129,167.74,8,4.54,30.84,2025-12-29T10:52:23.560311785Z,-160.46
96,9.91,860.8,-0.74,9.21,-3.6,286.78,-0.02,-0.01,0,1.62,74,122498,129340075,775366278,68.25,66125,168.3,8,4.54,30.84,2025-12-29T10:52:27.275034851Z,-155.68
98,9.84,856,-0.8,9.16,-3.51,286.78,-0.02,0,0.01,1.42,78,122556,129340255,775364656,68.57,66104,167.07,10,1.96,31.02,2025-12-29T10:52:30.538320863Z,-166.68
98,9.94,856,-0.76,9.26,-3.51,286.78,-0.02,0.01,0,1.42,79,122517,129340255,775364656,68.8,66128,167.84,10,1.96,30.98,2025-12-29T10:52:34.2265985Z,148.8
96,9.92,856,-0.8,9.2,-3.62,272.81,-0.01,0.01,0.01,1.42,79,122513,129340601,775364341,68.04,66135,167.52,10,2.61,31.12,2025-12-29T10:52:37.51419144Z,158.2
98,9.92,856,-0.75,9.22,-3.59,267.87,-0.01,0,0,1.42,75,122467,129340680,775364205,68.29,66089,168.26,10,3.32,31.17,2025-12-29T10:52:41.173241485Z,164.48
97,9.91,841.3,-0.77,9.23,-3.52,267.87,-0.01,0,0,1.32,78,122456,129340700,775364188,68.66,66085,167.7,10,1.91,31.07,2025-12-29T10:52:44.86996533Z,-179.45
98,9.88,841.3,-0.78,9.18,-3.58,267.87,-0.01,0.01,0.01,1.32,76,122338,129340700,775364188,68.21,66024,167.71,10,1.91,31.21,2025-12-29T10:52:48.349249423Z,160.8
98,9.81,841.3,-0.7,9.15,-3.48,267.87,-0.02,0.01,0,1.32,71,122328,129340700,775364188,68.8,66020,168.56,10,1.91,31.21,2025-12-29T10:52:52.01311217Z,150
95,9.91,840.6,-0.77,9.21,-3.58,-86.4,-0.01,0,0,1.32,76,122427,129340720,775364208,68.31,66055,167.93,10,1.83,31.21,2025-12-29T10:52:55.509845945Z,165.83
98,9.88,840.6,-0.73,9.17,-3.6,-86.4,-0.01,0,0.01,1.32,75,122426,129340720,775364208,68.18,66048,168.54,10,1.83,31.21,2025-12-29T10:52:58.798200541Z,167.31
98,9.94,840.6,-0.78,9.23,-3.61,-86.4,-0.01,0,0,1.32,75,122413,129340710,775364200,68.21,66013,167.82,10,1.28,31.31,2025-12-29T10:53:02.688830323Z,175.76
98,9.9,840.6,-0.79,9.2,-3.59,-86.4,-0.02,0,0.01,1.32,76,122438,129340710,775364200,68.24,66047,167.61,10,1.28,31.31,2025-12-29T10:53:06.569010428Z,164.48
98,9.93,840.4,-0.76,9.24,-3.55,-86.4,-0.02,0,0,1.32,76,122437,129340673,775364078,68.57,66027,167.89,10,1.28,31.31,2025-12-29T10:53:10.483172442Z,172.43
96,9.91,840.6,-0.78,9.2,-3.6,271.39,-0.02,0.01,0.01,1.32,73,122446,129340654,775363973,68.19,65983,167.72,10,1.65,31.35,2025-12-29T10:53:13.737121419Z,153.77
96,9.92,839.7,-0.72,9.25,-3.52,269.22,-0.02,0,0,1.32,74,122443,129340650,775363810,68.78,66049,168.38,10,1.74,31.35,2025-12-29T10:53:17.014344357Z,-165.96
95,9.91,839.8,-0.77,9.19,-3.61,269.22,-0.01,0,0,1.32,76,122412,129340641,775363858,68.11,66041,167.95,10,1.15,31.35,2025-12-29T10:53:20.899343704Z,-177.8
96,9.92,839.8,-0.75,9.22,-3.57,269.22,-0.02,0,0,1.32,72,122404,129340641,775363858,68.41,66025,168.11,10,1.15,31.35,2025-12-29T10:53:24.205173846Z,179.05
98,9.9,841,-0.77,9.2,-3.59,269.22,-0.01,0,0,1.32,71,122417,129340621,775364013,68.23,66002,167.92,10,1.15,31.45,2025-12-29T10:53:27.2548645Z,-169.76
97,9.89,841,-0.8,9.2,-3.53,269.22,-0.02,0,0,1.32,72,122368,129340621,775364013,68.5,65964,167.21,10,1.15,31.4,2025-12-29T10:53:30.739600728Z,173.99
96,9.89,841,-0.77,9.21,-3.51,269.22,-0.02,0,0.01,1.32,78,122389,129340613,775364036,68.71,65970,167.56,10,1.26,31.49,2025-12-29T10:53:34.223295256Z,166.79
96,9.89,842.9,-0.68,9.21,-3.53,269.22,-0.02,0,0,1.45,77,122418,129340611,775364303,68.67,65975,169.1,9,0.48,31.35,2025-12-29T10:53:37.484060748Z,168.6
95,9.86,842.9,-0.78,9.16,-3.55,269.22,-0.02,0.01,0.01,1.45,71,122425,129340611,775364303,68.38,65971,167.55,9,0.48,31.49,2025-12-29T10:53:41.194257708Z,158.84
96,9.89,842.2,-0.75,9.19,-3.57,269.22,-0.02,0.02,0.01,1.18,70,122383,129340613,775364153,68.33,65964,168.09,11,0.65,31.31,2025-12-29T10:53:44.466161878Z,132.62
96,9.89,842.2,-0.76,9.17,-3.62,269.22,-0.01,0,0,1.18,76,122386,129340613,775364153,68.01,65915,168.1,11,0.65,31.4,2025-12-29T10:53:47.743716461Z,180
97,9.85,842.2,-0.75,9.19,-3.47,269.22,-0.01,0,0,1.18,73,122374,129340621,775363818,68.88,65931,167.77,11,1.3,31.49,2025-12-29T10:53:51.00615268Z,176.33
96,9.91,842.2,-0.75,9.23,-3.52,269.22,-0.02,0,0,1.18,70,122350,129340621,775363818,68.7,65930,167.91,11,1.3,31.54,2025-12-29T10:53:54.073770168Z,168.2
98,9.92,842.2,-0.76,9.23,-3.54,269.22,-0.02,0,0,1.18,79,122284,129340621,775363818,68.61,65902,167.92,11,1.3,31.49,2025-12-29T10:53:57.366702948Z,169.32
95,9.97,842.2,-0.76,9.29,-3.55,269.22,-0.01,0,0,1.18,70,122287,129340621,775363818,68.64,65931,167.98,11,1.3,31.59,2025-12-29T10:54:00.634899627Z,-177.94
98,9.93,842.2,-0.74,9.22,-3.61,269.22,-0.02,0,0,1.18,76,122246,129340621,775363818,68.22,65900,168.38,11,1.3,31.49,2025-12-29T10:54:03.905411577Z,175.39
98,9.84,839.4,-0.76,9.13,-3.58,269.22,-0.02,0,0,1.18,76,122267,129340663,775364016,68.16,65869,168.03,11,1.3,31.54,2025-12-29T10:54:07.385884397Z,177.14
97,9.91,839.4,-0.74,9.21,-3.57,269.22,-0.02,0,0,1.18,72,122228,129340663,775364016,68.42,65858,168.25,11,1.3,31.4,2025-12-29T10:54:10.872655078Z,-174.63
98,9.9,837.5,-0.78,9.22,-3.54,272.9,-0.02,0,0.01,1.3,71,122238,129340721,775363645,68.54,65880,167.64,10,1.76,31.54,2025-12-29T10:54:14.153896677Z,166.43
97,9.86,836.6,-0.78,9.18,-3.5,272.9,-0.01,0,0.01,1.3,78,122207,129340721,775363645,68.68,65862,167.5,10,1.76,31.49,2025-12-29T10:54:18.069991927Z,-167.09
95,9.92,836.6,-0.74,9.21,-3.59,272.9,-0.02,0,0,1.3,70,122181,129340721,775363645,68.3,65834,168.43,10,1.76,31.49,2025-12-29T10:54:21.318916135Z,164.32
98,9.98,836.6,-0.74,9.26,-3.65,272.9,-0.02,0,0.01,1.3,79,122182,129340721,775363645,68.11,65871,168.57,10,1.76,31.49,2025-12-29T10:54:24.792680323Z,167.47
95,9.89,836.6,-0.74,9.2,-3.56,272.9,-0.02,0,0.01,1.3,74,122224,129340721,775363645,68.41,65889,168.35,10,1.76,31.49,2025-12-29T10:54:28.082345848Z,169.3
95,9.9,836.6,-0.72,9.2,-3.61,272.9,-0.02,0,0,1.3,76,122191,129340721,775363645,68.2,65872,168.66,10,1.76,31.49,2025-12-29T10:54:31.144579004Z,-167.7
96,9.91,836.6,-0.77,9.2,-3.59,272.9,-0.01,-0.01,0,1.3,76,122392,129340721,775363645,68.27,66385,167.91,10,1.76,31.49,2025-12-29T10:54:35.051803522Z,-124.99
97,10.2,836.6,-2.92,8.19,-5.34,272.9,-0.02,-0.11,0.03,1.3,73,122535,129340721,775363645,53.37,66312,151.33,10,1.76,31.54,2025-12-29T10:54:38.104528128Z,-99.84
97,9.62,836.6,-2.66,7.75,-5.05,272.9,-0.09,-0.22,-0.02,1.3,76,122565,129340721,775363645,53.59,66415,152.22,10,1.76,31.59,2025-12-29T10:54:41.390807318Z,-112.23
98,11.16,836.6,-5.16,8.2,-5.54,272.9,0.07,0.15,0,1.3,71,122462,129340721,775363645,47.26,66316,137.08,10,1.76,31.49,2025-12-29T10:54:44.452353214Z,65.18
98,9.74,836.6,-2.71,7.98,-4.88,272.9,-0.02,0.03,0,1.3,74,122243,129340646,775364216,55.02,65632,151,10,0.26,31.59,2025-12-29T10:54:47.743468269Z,123.8
98,9.87,836.6,-4.18,8.03,-3.94,272.9,-0.28,-0.16,-0.26,1.3,72,122334,129340641,775364428,54.41,66125,133.28,10,0.5,31.68,2025-12-29T10:54:51.026793663Z,-150.79
98,9.86,840.1,-3.15,8.05,-4.75,272.9,0,-0.01,0.02,1.18,79,122402,129340658,775364671,54.69,66099,146.46,10,0.56,31.68,2025-12-29T10:54:54.083240181Z,-89.25
96,9.89,840.1,-3.54,8.09,-4.46,272.9,-0.01,0,0,1.18,70,122385,129340658,775364671,54.87,66110,141.52,10,0.56,31.64,2025-12-29T10:54:57.160882269Z,171.79
98,9.84,840.1,-3.56,8.08,-4.35,272.9,-0.02,0.01,0.01,1.18,78,122311,129340658,775364671,55.16,66029,140.72,10,0.56,31.59,2025-12-29T10:55:00.495652039Z,159.78
97,9.92,840.1,-3.55,8.14,-4.41,272.9,-0.02,0.02,-0.01,1.18,75,122512,129340658,775364671,55.16,66243,141.16,10,0.56,31.64,2025-12-29T10:55:03.508590407Z,147.51
98,9.82,840.1,-2.55,8.33,-4.54,272.9,0.01,-0.14,0.05,1.18,75,122475,129340598,775364803,58,66188,150.64,10,0.39,31.73,2025-12-29T10:55:06.566119194Z,-86.79
95,9.88,840.1,-3.44,8.1,-4.49,272.9,-0.02,0,0,1.18,76,122458,129340569,775364868,55.07,66142,142.53,10,0.44,31.64,2025-12-29T10:55:09.853853329Z,163.25
98,9.92,845.1,-3.45,8.17,-4.46,272.9,-0.01,0.01,0,1.18,72,122425,129340523,775364795,55.4,66161,142.25,9,0.3,31.59,2025-12-29T10:55:12.927073949Z,158.39
95,9.87,845.9,-3.48,8.08,-4.48,272.9,-0.02,0.01,0,1.18,77,122447,129340523,775364795,54.94,66124,142.13,9,0.3,31.73,2025-12-29T10:55:16.01183646Z,161.04
96,9.9,846.2,-3.49,8.11,-4.48,272.9,-0.02,0,0,1.18,74,122450,129340528,775364738,54.99,66161,142.04,9,0.3,31.68,2025-12-29T10:55:19.281315207Z,168.88
95,9.82,846.2,-3.43,8.04,-4.48,272.9,-0.02,0,0,1.18,79,122487,129340528,775364738,54.94,66117,142.55,9,0.3,31.68,2025-12-29T10:55:22.755817493Z,-175.53
95,9.89,846.2,-3.47,8.08,-4.53,272.9,-0.02,0,0,1.18,72,122431,129340528,775364738,54.8,66126,142.56,9,0.3,31.64,2025-12-29T10:55:26.260349577Z,166.81
95,9.9,848.8,-3.51,8.09,-4.5,272.9,-0.02,0,0,1.18,76,122476,129340461,775364603,54.81,66135,142.09,9,0.3,31.68,2025-12-29T10:55:29.341217294Z,173.29
95,9.9,848.8,-3.5,8.13,-4.44,272.9,-0.01,0,0,1.18,72,122507,129340461,775364603,55.18,66083,141.76,9,0.3,31.68,2025-12-29T10:55:32.808805364Z,-177.75
97,9.86,849.7,-3.44,8.1,-4.45,272.9,-0.01,0,0,1.09,74,122449,129340431,775364313,55.19,66042,142.29,10,0.89,31.68,2025-12-29T10:55:36.920851278Z,164.42
98,9.88,849.8,-3.5,8.06,-4.52,272.9,-0.01,0,0,1.07,78,122429,129340428,775364040,54.68,66028,142.22,11,1,31.68,2025-12-29T10:55:39.971926519Z,171.95
97,9.89,848.7,-3.51,8.1,-4.45,272.9,-0.02,0,0,1.07,70,122406,129340428,775364040,55,66066,141.74,11,1,31.68,2025-12-29T10:55:43.231275306Z,170.48
96,9.88,848.6,-3.42,8.1,-4.49,272.9,-0.02,0,0,1.15,73,122464,129340436,775363963,55.14,66077,142.67,10,1,31.78,2025-12-29T10:55:46.735306685Z,170.13
97,9.91,848.6,-3.51,8.11,-4.49,272.9,-0.02,0,0,1.15,77,122447,129340428,775363820,54.88,66020,141.94,10,1.7,31.68,2025-12-29T10:55:50.470864048Z,166.87
97,9.89,847.5,-3.56,8.12,-4.39,272.9,-0.02,0.01,0,1.07,73,122445,129340423,775363791,55.17,66058,140.98,11,1.07,31.73,2025-12-29T10:55:53.6821163Z,156.31
96,9.96,847.5,-3.56,8.15,-4.47,272.9,-0.02,0,-0.01,1.07,71,122512,129340433,775363705,54.94,66023,141.48,11,1.17,31.73,2025-12-29T10:55:56.957846125Z,176.36
95,9.94,846.8,-3.56,8.11,-4.53,272.9,0,-0.01,0.01,1.51,75,122451,129340423,775363720,54.61,65773,141.87,10,1.02,31.87,2025-12-29T10:56:00.298758587Z,-108.43
98,9.8,846.8,-3.35,8.06,-4.46,272.9,-0.01,0.02,0.02,1.51,73,122414,129340423,775363720,55.31,65790,143.04,10,1.02,31.73,2025-12-29T10:56:03.311208436Z,114.86
98,9.91,846.8,-3.62,8.08,-4.47,272.9,-0.02,0.01,0,1.51,79,122456,129340423,775363720,54.58,65841,141,10,1.02,31.78,2025-12-29T10:56:06.589494494Z,147.41
96,9.85,846.8,-3.54,8.09,-4.37,272.9,-0.01,0,0,1.51,75,122448,129340423,775363720,55.16,65823,140.97,10,1.02,31.82,2025-12-29T10:56:09.884155379Z,168.42
95,9.93,846.8,-3.56,8.11,-4.49,272.9,-0.01,0,0.01,1.51,79,122492,129340528,775364050,54.77,65976,141.53,10,0.46,31.73,2025-12-29T10:56:12.933081004Z,159.7
96,9.99,845.1,-3.55,8.14,-4.57,272.9,-0.02,0.01,0.01,1.18,71,122552,129340513,775363956,54.59,66040,142.16,11,0.46,31.73,2025-12-29T10:56:15.997453663Z,162.22
97,9.89,846.5,-3.51,8.08,-4.49,272.9,-0.01,0,0,1.06,72,122511,129340656,775364615,54.78,65994,142.01,11,0.46,31.82,2025-12-29T10:56:19.283406451Z,166.48
98,9.91,846.5,-3.51,8.08,-4.53,272.9,-0.02,0,0,1.06,71,122522,129340656,775364615,54.66,66029,142.24,11,0.46,31.82,2025-12-29T10:56:22.349322748Z,172.26
97,9.87,846.5,-3.49,8.09,-4.46,272.9,-0.01,0.01,0,1.06,77,122514,129340656,775364615,55.01,66060,141.94,11,0.46,31.87,2025-12-29T10:56:25.421234517Z,157.93
97,9.93,846.5,-3.53,8.14,-4.48,272.9,-0.02,0,0,1.06,74,122539,129340656,775364615,54.99,66033,141.77,11,0.46,31.97,2025-12-29T10:56:29.116370954Z,176.79
97,9.93,846.5,-3.57,8.08,-4.54,272.9,-0.02,0,0,1.06,79,122576,129340656,775364615,54.41,66020,141.83,11,0.46,31.82,2025-12-29T10:56:32.605527316Z,165.01
98,9.9,846.5,-3.49,8.14,-4.41,272.9,-0.02,0,0,1.06,74,122579,129340656,775364615,55.37,66020,141.6,11,0.46,31.78,2025-12-29T10:56:35.874598487Z,180
95,9.93,849,-3.56,8.1,-4.5,19,-0.01,0,0,1.18,77,122610,129340876,775366253,54.69,66080,141.69,11,0.85,31.78,2025-12-29T10:56:38.941657063Z,161.91
98,9.89,848.4,-3.54,8.04,-4.53,19,-0.02,0.01,0,1.18,76,122629,129340790,775365910,54.44,66047,142,10,0.85,31.82,2025-12-29T10:56:42.420524877Z,146.41
95,9.88,848.7,-3.51,8.04,-4.53,19,-0.02,0,0,1.18,73,122594,129340715,775365491,54.5,66045,142.21,10,0.85,31.82,2025-12-29T10:56:45.492306277Z,170.62
97,9.91,848.7,-3.57,8.06,-4.54,19,-0.01,0,0,1.18,73,122562,129340715,775365491,54.35,66024,141.81,10,0.85,31.82,2025-12-29T10:56:48.563091828Z,-178.93
97,9.95,848.7,-3.5,8.21,-4.4,19,-0.01,0,0,1.18,78,122568,129340546,775365094,55.62,65985,141.5,10,0.61,31.87,2025-12-29T10:56:52.07860742Z,-172.3
98,9.92,850.4,-3.58,8.09,-4.49,19,-0.02,0.01,0,1.18,73,122512,129340560,775365046,54.63,65942,141.48,12,0.06,31.92,2025-12-29T10:56:55.117052632Z,156.75
97,9.87,850.4,-3.68,8.06,-4.34,19,-0.02,0,0,1.18,74,122568,129340560,775365046,54.76,65951,139.67,12,0.06,31.92,2025-12-29T10:56:58.181898646Z,178.25
98,9.86,850.4,-3.67,8.02,-4.4,19,-0.02,0,0,1.18,72,122536,129340560,775365046,54.46,65922,140.17,12,0.06,31.92,2025-12-29T10:57:01.259004358Z,176.66
96,9.86,850.4,-3.61,8.07,-4.36,19,-0.02,0,0,1.18,76,122514,129340560,775365046,54.96,65960,140.44,12,0.06,31.87,2025-12-29T10:57:04.331411136Z,-176.58
97,9.83,850.4,-3.64,8.01,-4.38,19,-0.02,0,0,1.18,78,122567,129340560,775365046,54.58,65915,140.22,12,0.06,31.97,2025-12-29T10:57:07.400249174Z,169.08
97,9.78,850.4,-3.64,8,-4.3,19,-0.02,0.01,0,1.18,78,122578,129340560,775365046,54.82,65958,139.79,12,0.06,31.92,2025-12-29T10:57:10.511667782Z,155.67
95,9.83,850.4,-3.6,8.06,-4.32,19,-0.01,0,0.01,1.18,72,122598,129340560,775365046,55.12,65922,140.22,12,0.06,31.92,2025-12-29T10:57:13.552181229Z,163.76
95,9.83,850.4,-3.7,8.03,-4.3,19,-0.01,0,0,1.18,77,122606,129340698,775364575,54.75,65955,139.3,12,0.39,31.92,2025-12-29T10:57:16.612649229Z,164.05
96,9.8,842.5,-3.62,8.05,-4.25,19,-0.01,0.01,0,1.31,75,122569,129340743,775364371,55.22,65906,139.57,10,1.7,31.92,2025-12-29T10:57:19.689153715Z,160.94
95,9.8,841.5,-3.66,8.04,-4.25,19,-0.02,0,0.01,1.37,76,122599,129340795,775364400,55.07,65967,139.29,9,0.89,31.97,2025-12-29T10:57:22.757569318Z,169.32
98,9.77,841.2,-3.62,7.98,-4.32,19,-0.01,0,0,1.31,78,122606,129340771,775364325,54.74,65935,140.08,10,1.09,31.97,2025-12-29T10:57:25.837563927Z,161.57
97,9.88,840.2,-3.61,8.06,-4.42,19,-0.01,0,0,1.37,78,122637,129340815,775364268,54.7,65921,140.75,9,0.59,32.01,2025-12-29T10:57:28.900268798Z,-177.94
98,9.9,840,-3.63,8.09,-4.41,19,-0.01,0,0,1.42,72,122660,129340830,775364255,54.78,65934,140.55,9,0.39,31.97,2025-12-29T10:57:31.974745051Z,173.01
95,9.87,840.4,-3.65,8.09,-4.33,19,-0.02,0,0,1.75,72,122652,129340806,775364148,54.99,65928,139.82,8,0.39,31.92,2025-12-29T10:57:35.454763373Z,173.81
97,9.83,840.4,-3.63,8.04,-4.35,19,-0.02,0,0,1.75,74,122586,129340806,775364148,54.82,65845,140.09,8,0.39,31.97,2025-12-29T10:57:38.539991416Z,167.47
96,9.83,840.4,-3.64,8.09,-4.24,19,-0.02,0,0.01,1.75,76,122674,129340816,775364305,55.34,65881,139.34,8,0.41,32.01,2025-12-29T10:57:42.219982425Z,-163.76
95,9.8,840.7,-3.64,8.06,-4.22,19,-0.01,0,0.01,1.75,74,122597,129340836,775364364,55.34,65749,139.22,8,0.35,31.97,2025-12-29T10:57:45.310301012Z,168.04
98,9.89,840.7,-2.66,8.59,-4.11,19,-0.02,0,0.01,1.75,74,122620,129340836,775364364,60.31,65773,147.03,8,0.35,31.87,2025-12-29T10:57:48.38616078Z,168.09
95,9.87,840.7,-2.64,8.57,-4.12,19,-0.02,0,0,1.75,77,122614,129340836,775364364,60.26,65842,147.36,8,0.35,31.97,2025-12-29T10:57:51.654658857Z,172.87
98,9.87,840.7,-2.72,8.52,-4.17,19,-0.02,0,0.01,1.75,79,122654,129340836,775364364,59.68,65854,146.91,8,0.35,32.06,2025-12-29T10:57:54.923798674Z,179.15
97,9.93,843.5,-2.67,8.6,-4.17,19,-0.02,0,0,1.45,77,122631,129340593,775364438,60.06,65829,147.33,8,0.35,32.06,2025-12-29T10:57:57.993106761Z,172.28
96,9.9,843.4,-2.71,8.58,-4.12,19,-0.02,0.01,0.01,1.34,74,122705,129340581,775364398,60.12,65906,146.65,9,0.35,32.01,2025-12-29T10:58:01.48660699Z,156.08
97,9.93,843.4,-2.72,8.61,-4.12,19,-0.02,0,0,1.34,76,122756,129340581,775364398,60.19,65896,146.52,9,0.35,32.01,2025-12-29T10:58:04.540739454Z,164.79
96,9.87,843.4,-2.73,8.54,-4.12,19,-0.02,0,0,1.34,76,122725,129340556,775364466,59.93,65916,146.49,9,0.26,32.01,2025-12-29T10:58:07.82029317Z,166.9
98,9.9,843.9,-2.7,8.57,-4.16,19,-0.01,0.01,0.01,1.34,75,122774,129340525,775364445,59.94,65893,147.06,9,0.35,32.11,2025-12-29T10:58:10.888962872Z,160.94
97,9.81,844,-2.67,8.54,-4.03,19,-0.01,0.01,0,1.34,73,122736,129340516,775364430,60.51,65988,146.48,9,0.65,31.92,2025-12-29T10:58:13.970959203Z,151.9
98,9.86,844.5,-3.11,8.36,-4.21,19,-0.02,0.01,0.01,1.67,71,122749,129340488,775364438,57.96,65983,143.52,8,0.65,32.01,2025-12-29T10:58:17.034063764Z,153.24
96,9.93,844.5,-3.14,8.36,-4.35,19,-0.02,0.01,0,1.67,70,122726,129340488,775364438,57.31,65938,144.14,8,0.65,32.01,2025-12-29T10:58:20.144335453Z,161.57
97,9.86,844.5,-3.09,8.35,-4.22,19,-0.02,0.01,0,1.67,74,122732,129340488,775364438,57.92,65949,143.8,8,0.65,32.01,2025-12-29T10:58:23.408502972Z,158.51
95,9.9,844.5,-3.11,8.36,-4.31,19,-0.01,0,0,1.67,79,123051,129340488,775364438,57.55,66353,144.2,8,0.65,32.01,2025-12-29T10:58:26.668975607Z,161.09
96,10.24,844.5,-1.19,8.36,-5.79,19,-0.08,-0.05,-0.18,1.67,72,122884,129340488,775364438,54.72,66230,168.44,8,0.65,32.06,2025-12-29T10:58:30.217148007Z,-146.51
97,10.13,847.8,-1.6,8.48,-5.3,19,-0.01,0.03,0,1.75,72,122870,129340321,775364393,56.85,66273,163.16,8,2.04,32.06,2025-12-29T10:58:34.039218131Z,109.93
97,10.05,847.8,-1.65,8.43,-5.21,19,-0.01,0.01,0,1.75,70,122923,129340321,775364393,57.04,66356,162.46,8,2.04,32.06,2025-12-29T10:58:37.118159193Z,146.94
97,10.09,847.8,-1.7,8.44,-5.25,19,-0.02,0,0,1.75,70,122936,129340321,775364393,56.82,66367,162.04,8,2.04,32.06,2025-12-29T10:58:40.818229Z,-178.61
98,10.07,851.6,-1.7,8.42,-5.25,19,-0.01,0.01,0,1.19,75,122923,129340140,775363565,56.75,66308,162.06,11,2.82,32.15,2025-12-29T10:58:44.480328142Z,157.89
96,10.09,852.5,-1.72,8.43,-5.27,264.87,-0.01,0.01,0,1.25,70,122933,129340123,775363216,56.66,66360,161.89,10,3.39,32.06,2025-12-29T10:58:47.971872724Z,146.94
98,10.1,853,-1.71,8.46,-5.25,264.87,-0.02,0.01,0,1.51,70,122917,129340108,775363063,56.86,66344,161.99,8,2.59,32.15,2025-12-29T10:58:51.676472863Z,152.15
95,10.04,853,-1.69,8.48,-5.12,264.87,-0.01,0,0.01,1.51,78,122888,129340108,775363063,57.55,66357,161.77,8,2.59,32.25,2025-12-29T10:58:55.155321276Z,171.96
96,10.09,855.3,-1.75,8.48,-5.2,264.87,-0.02,0,0,1.53,70,122922,129340046,775362835,57.1,66368,161.44,7,2.46,32.06,2025-12-29T10:58:59.039269984Z,163.64
95,10.13,855.3,-1.75,8.5,-5.21,264.87,-0.02,0,0.01,1.53,71,122910,129340046,775362835,57.11,66362,161.39,7,2.46,32.2,2025-12-29T10:59:02.324798765Z,167.96
95,10.11,855.3,-1.74,8.47,-5.23,264.87,-0.02,0,0,1.53,78,122925,129340046,775362835,56.94,66361,161.62,7,2.46,32.25,2025-12-29T10:59:05.589357174Z,168.11
96,10.05,855.3,-1.75,8.42,-5.21,264.87,-0.01,0,0,1.53,79,122934,129340046,775362835,56.87,66354,161.48,7,2.46,32.25,2025-12-29T10:59:08.851717845Z,-179.44
95,10.15,860.4,-1.68,8.52,-5.26,264.87,-0.02,0,0.01,1.46,72,122838,129339993,775363681,57.07,66285,162.3,8,0.87,32.2,2025-12-29T10:59:12.754099501Z,170.46
96,9.6,860.4,-1.44,8.44,-4.33,264.87,-0.05,0.04,0.01,1.46,76,122831,129339993,775363681,61.62,66275,161.58,8,0.87,32.25,2025-12-29T10:59:16.658581773Z,137.85
97,10.09,862.7,-1.7,8.5,-5.17,264.87,-0.02,0,0,1.53,75,122838,129339970,775363955,57.38,66177,161.84,9,0.3,32.25,2025-12-29T10:59:19.936923748Z,174.97
98,10.07,861.4,-1.66,8.52,-5.11,264.87,-0.02,0,0.01,1.08,70,123027,129340026,775364238,57.73,66378,162.02,11,0.3,32.25,2025-12-29T10:59:23.198558781Z,169.15
95,10.15,861.5,-1.3,8.59,-5.26,264.87,-0.02,0,0.01,1.24,70,122994,129340030,775364510,57.77,66425,166.11,10,0.3,32.2,2025-12-29T10:59:26.472394844Z,-168.46
96,10.08,861.5,-1.3,8.57,-5.16,264.87,-0.02,0.01,0.01,1.24,70,122946,129340030,775364510,58.17,66441,165.9,10,0.3,32.29,2025-12-29T10:59:29.947679109Z,148.45
97,10.09,857.1,-1.14,8.63,-5.09,264.87,-0.01,-0.01,-0.01,1.21,75,123077,129340151,775364385,58.83,66414,167.39,11,0.54,32.25,2025-12-29T10:59:33.426931314Z,-117.45
95,10.12,857.1,-1.49,8.59,-5.13,264.87,-0.02,0.01,0,1.21,72,123133,129340151,775364385,58.12,66484,163.79,11,0.54,32.25,2025-12-29T10:59:36.912962459Z,151.93
95,10.07,857.1,-1.45,8.58,-5.07,264.87,-0.02,0,0.01,1.21,78,123156,129340241,775364450,58.4,66464,164.04,11,0.52,32.29,2025-12-29T10:59:40.251491856Z,-174.94
98,10.03,852.5,-1.36,8.55,-5.05,264.87,-0.02,0,0,1.22,78,123097,129340251,775364736,58.57,65802,164.98,11,0.52,32.34,2025-12-29T10:59:43.67176373Z,167.62
95,10.25,852.5,-3.79,6.93,-6.53,264.87,-0.03,-0.04,-0.01,1.22,79,123002,129340251,775364736,42.55,65776,149.91,11,0.52,32.29,2025-12-29T10:59:47.566731121Z,-120.61
97,10.14,849,-3.57,7.02,-6.39,264.87,-0.01,0.01,0,1.15,74,123020,129340365,775365115,43.82,65783,150.78,11,0.76,32.25,2025-12-29T10:59:50.842212343Z,144.2
95,10.19,848.3,-3.51,7.05,-6.47,264.87,-0.02,0.01,0,1.28,76,122974,129340401,775365223,43.79,65636,151.55,10,0.57,32.44,2025-12-29T10:59:54.743069072Z,161.06
97,10.15,848.3,-3.5,7.05,-6.42,264.87,0,0.02,0,1.28,79,122979,129340401,775365223,43.94,65842,151.4,10,0.57,32.25,2025-12-29T10:59:58.020927811Z,85.99
96,10.07,847.2,-3.36,6.97,-6.44,264.87,-0.05,-0.11,0,1.22,72,122968,129340475,775365186,43.82,65825,152.43,11,0.57,32.39,2025-12-29T11:00:01.293955432Z,-111.45
98,9.66,847.2,-3.2,6.95,-5.9,264.87,-0.05,0.02,-0.03,1.22,73,123030,129340475,775365186,45.99,65903,151.52,11,0.57,32.34,2025-12-29T11:00:04.559410087Z,161.7
98,10.11,847.2,-3.51,7.04,-6.35,264.87,-0.01,-0.01,0.01,1.22,70,122896,129340560,775364946,44.13,65794,151.04,11,0.72,32.34,2025-12-29T11:00:08.053674546Z,-142.02
96,10.12,845.1,-3.54,7.03,-6.35,264.87,-0.02,0,0,1.29,71,122888,129340580,775364851,44.01,65743,150.85,10,1.04,32.39,2025-12-29T11:00:11.945220358Z,-176.13
97,10.13,845.1,-3.55,7.01,-6.4,264.87,-0.01,0,0.01,1.29,78,122934,129340580,775364851,43.73,65939,151,10,1.04,32.34,2025-12-29T11:00:15.414307674Z,-175.76
96,10.06,845.1,-3.22,7.47,-5.93,264.87,-0.02,0,0.01,1.29,79,122862,129340580,775364851,47.89,65828,151.52,10,1.04,32.39,2025-12-29T11:00:18.690503734Z,163.25
95,10.11,845.9,-2.88,7.1,-6.6,264.87,-0.06,-0.07,-0.03,1.29,70,122866,129340548,775364655,44.57,65893,156.42,10,0.96,32.39,2025-12-29T11:00:22.171166594Z,-126.95
96,10.13,846.1,-3.19,7.44,-6.09,264.87,-0.02,-0.01,0,1.15,72,122766,129340543,775364758,47.25,65696,152.36,11,0.11,32.44,2025-12-29T11:00:25.260613941Z,-161.17
96,10.17,846.1,-3.3,7.49,-6.04,264.87,-0.01,0,0.01,1.15,70,122829,129340543,775364758,47.41,65690,151.38,11,0.11,32.44,2025-12-29T11:00:28.736767976Z,164.74
95,10.04,846.1,-3.11,7.47,-5.93,264.87,-0.01,0,0,1.15,78,122879,129340543,775364758,48.14,65726,152.37,11,0.11,32.39,2025-12-29T11:00:31.99831577Z,-176.26
95,10.23,844.9,-3.31,7.54,-6.07,264.87,-0.01,0,0,1.15,72,122910,129340650,775364858,47.47,65750,151.4,11,0.83,32.39,2025-12-29T11:00:35.080681143Z,-172.02
98,9.96,844.9,-3.2,7.42,-5.82,264.87,-0.01,-0.01,0,1.15,78,123012,129340650,775364858,48.15,65900,151.22,11,0.83,32.44,2025-12-29T11:00:38.145439217Z,-125.2
95,9.77,844.9,-3.54,8.09,-4.19,264.87,-0.01,-0.02,0.01,1.15,74,122944,129340650,775364858,55.89,65831,139.8,11,0.83,32.48,2025-12-29T11:00:41.433000942Z,-132.79
98,9.93,844.9,-3.56,8.13,-4.47,264.87,-0.02,0,0,1.15,73,122958,129340650,775364858,54.88,65833,141.41,11,0.83,32.39,2025-12-29T11:00:44.708622508Z,-175.95
98,9.85,849.4,-3.55,8.11,-4.31,264.87,-0.02,0.01,0.01,1.12,77,123017,129340456,775365153,55.48,65859,140.52,11,0.15,32.44,2025-12-29T11:00:47.792872195Z,156.53
98,9.89,851.4,-3.55,8.15,-4.33,264.87,-0.02,0.01,0,1.12,79,122925,129340348,775365150,55.52,65833,140.66,11,0.17,32.44,2025-12-29T11:00:51.059424923Z,155.87
95,9.9,852.1,-3.57,8.14,-4.36,264.87,-0.01,-0.01,0,1.12,78,122964,129340298,775365143,55.32,65818,140.71,11,0.31,32.44,2025-12-29T11:00:54.348662679Z,-150.84
95,9.91,852.1,-3.55,8.18,-4.33,264.87,-0.02,-0.01,0,1.12,73,122928,129340298,775365143,55.61,65887,140.66,11,0.31,32.53,2025-12-29T11:00:57.59726721Z,-158.7
96,9.91,852.1,-3.63,8.16,-4.3,264.87,-0.02,0,0,1.12,74,122899,129340298,775365143,55.41,65841,139.87,11,0.31,32.53,2025-12-29T11:01:00.739506317Z,176.92
96,9.88,855.8,-3.59,8.11,-4.34,264.87,-0.01,0.01,0,1.12,76,122912,129340133,775365050,55.22,65893,140.41,11,0.44,32.48,2025-12-29T11:01:03.758323568Z,159
96,9.83,856.2,-3.54,8.08,-4.34,264.87,-0.01,0,0.01,1.12,75,122862,129340106,775365045,55.31,65841,140.8,11,0.17,32.53,2025-12-29T11:01:07.240460311Z,178.42
95,9.84,856.4,-3.65,8.06,-4.3,264.87,-0.01,0.01,0,1.12,76,122879,129340103,775365031,55.04,65877,139.7,11,0.17,32.53,2025-12-29T11:01:10.559441469Z,154.77
98,9.93,856.4,-3.53,8.21,-4.34,264.87,-0.02,0.01,0.01,1.12,74,122864,129340103,775365031,55.71,65882,140.87,11,0.17,32.44,2025-12-29T11:01:13.783377536Z,146.1
97,9.9,856.4,-3.51,8.18,-4.35,264.87,-0.01,0.01,0.01,1.12,72,123012,129339956,775364998,55.65,65973,141.16,11,0.61,32.53,2025-12-29T11:01:17.271247001Z,147.78
98,9.88,858,-3.52,8.11,-4.41,264.87,-0.01,0.01,0.01,1.12,79,122871,129339970,775364910,55.16,65877,141.36,11,0.76,32.53,2025-12-29T11:01:20.378063295Z,146.84
96,9.8,858,-3.19,8.15,-4.41,264.87,0,0.04,0.02,1.12,78,122881,129339970,775364910,56.22,65927,144.12,11,0.76,32.53,2025-12-29T11:01:23.828210547Z,96.79
95,9.81,858,-3.6,8.05,-4.31,264.87,-0.01,0.01,0,1.12,76,122891,129340026,775364906,55.1,65929,140.14,11,0.17,32.48,2025-12-29T11:01:27.104903122Z,147.4
97,9.91,855.6,-3.7,8.06,-4.42,264.87,-0.02,0.01,0,1.12,74,122892,129340081,775364863,54.45,65896,140.08,11,0.17,32.39,2025-12-29T11:01:30.582135804Z,157.45
97,9.88,855.6,-3.65,8.07,-4.38,264.87,-0.02,0,0,1.12,73,122895,129340081,775364863,54.73,65870,140.21,11,0.17,32.58,2025-12-29T11:01:34.487523431Z,175.78
97,9.82,855,-3.6,8.03,-4.34,264.87,-0.02,0,0,1.17,78,122899,129340091,775364753,54.93,65853,140.3,12,0.17,32.58,2025-12-29T11:01:37.5488313Z,172.26
96,9.95,855,-3.65,8.14,-4.41,264.87,-0.02,0,0,1.17,74,122907,129340160,775364644,54.91,65910,140.35,12,0.8,32.48,2025-12-29T11:01:40.823985534Z,-178.12
98,9.8,854.6,-3.65,8.03,-4.27,264.87,-0.01,0,0,1.18,75,122952,129340181,775364641,55.01,65901,139.53,10,1.02,32.53,2025-12-29T11:01:44.09014097Z,162.04
97,9.87,854.6,-3.67,8.06,-4.35,264.87,-0.01,0.01,0,1.18,78,122934,129340181,775364641,54.79,65874,139.9,10,1.02,32.53,2025-12-29T11:01:47.580829097Z,160.8
98,9.86,854.6,-3.61,8.06,-4.38,264.87,-0.02,0,0.01,1.18,77,122887,129340181,775364641,54.86,65851,140.53,10,1.02,32.53,2025-12-29T11:01:51.674855699Z,177.25
95,9.82,850.2,-3.74,8.01,-4.28,264.87,-0.01,0.01,0.01,1.18,75,122919,129340499,775364566,54.67,65868,138.86,10,1,32.58,2025-12-29T11:01:55.162084586Z,158.11
95,9.81,849.1,-3.62,8.01,-4.35,264.87,-0.02,0,0.01,1.18,70,122902,129340595,775364453,54.78,65855,140.22,10,0.59,32.58,2025-12-29T11:01:58.438629279Z,173.08
98,9.77,849.1,-3.58,8.01,-4.31,264.87,-0.01,0,0,1.18,73,122989,129340595,775364453,55,65847,140.25,10,0.59,32.62,2025-12-29T11:02:01.908332387Z,175.79
96,9.82,849.1,-3.65,8.02,-4.32,264.87,-0.01,0,0.01,1.18,75,122956,129340586,775364345,54.82,65861,139.84,10,0.2,32.53,2025-12-29T11:02:05.2144449Z,163.4
96,9.83,849,-3.62,8.06,-4.3,264.87,-0.02,0,0,1.2,74,122884,129340654,775364276,55.1,65803,139.89,10,0.2,32.62,2025-12-29T11:02:08.57576735Z,167.68
97,9.9,849,-3.62,8.13,-4.35,264.87,-0.01,-0.01,0,1.2,79,122978,129340654,775364276,55.2,65866,140.24,10,0.2,32.67,2025-12-29T11:02:12.151913116Z,-121.23
98,9.93,848,-3.69,8.14,-4.34,264.87,-0.01,0.01,0,1.14,70,122919,129340751,775364083,55.02,65834,139.59,11,1.2,32.62,2025-12-29T11:02:15.419985227Z,145.42
95,9.93,848,-3.69,8.13,-4.34,264.87,-0.01,0.01,0,1.14,78,122928,129340751,775364083,54.99,65850,139.65,11,1.2,32.62,2025-12-29T11:02:18.909516335Z,151.35
97,9.81,847.7,-3.62,8.03,-4.32,264.87,-0.02,0,0,1.14,72,122900,129340783,775364046,54.95,65804,140.05,11,0.22,32.62,2025-12-29T11:02:22.602517955Z,170.96
98,9.84,847.7,-3.66,8.06,-4.3,264.87,-0.01,0.01,0.01,1.14,75,122876,129340783,775364046,55.03,65778,139.6,11,0.22,32.58,2025-12-29T11:02:26.29409246Z,147.16
95,9.83,849.1,-3.62,8.07,-4.3,264.87,-0.02,0,0,1.14,73,122916,129340718,775364055,55.14,65814,139.96,11,0.83,32.72,2025-12-29T11:02:30.240514909Z,177.71
97,9.84,849.1,-3.68,8.01,-4.37,264.87,-0.02,0.01,0,1.14,76,122837,129340783,775364033,54.48,65759,139.91,11,0.56,32.67,2025-12-29T11:02:33.869066175Z,161.04
96,9.93,849.1,-3.69,8.14,-4.33,264.87,-0.02,0,0,1.14,79,122849,129340783,775364033,55.03,65812,139.61,11,0.56,32.62,2025-12-29T11:02:37.564064036Z,175.78
98,9.86,848.4,-3.56,8.14,-4.29,264.87,-0.02,0,0.01,1.14,73,122880,129340778,775364061,55.59,65725,140.33,11,0.91,32.58,2025-12-29T11:02:41.456301145Z,166.28
97,9.9,848.4,-3.78,8.03,-4.37,264.87,-0.01,0,0,1.14,75,122903,129340741,775363891,54.27,65525,139.18,11,2.07,32.72,2025-12-29T11:02:45.123140032Z,-171.53
96,9.8,851.3,-3.45,7.88,-4.7,264.87,-0.04,0,-0.01,1.14,72,122934,129340616,775364055,53.51,65618,143.65,11,0.15,32.62,2025-12-29T11:02:48.634207318Z,175.69
95,9.88,851.3,-3.83,7.98,-4.39,264.87,-0.01,0,0,1.14,78,122963,129340616,775364055,53.86,65655,138.91,11,0.15,32.72,2025-12-29T11:02:52.316231006Z,161.37
95,9.84,850.2,-3.68,8.04,-4.33,264.87,-0.02,0,0,1.14,74,122950,129340654,775364095,54.74,65650,139.65,11,0.41,32.72,2025-12-29T11:02:56.189367983Z,169.44
98,9.89,850.2,-3.74,8.06,-4.35,264.87,-0.01,0.01,0,1.14,75,122942,129340623,775364158,54.55,65674,139.35,11,0.56,32.62,2025-12-29T11:02:59.25516817Z,153.68
96,9.85,850.2,-3.75,8.03,-4.31,264.87,-0.02,0.01,0,1.14,77,123034,129340623,775364158,54.53,65732,138.97,11,0.56,32.72,2025-12-29T11:03:02.32202091Z,154.8
97,9.86,850.2,-3.77,8.05,-4.28,264.87,-0.02,0,0,1.14,78,123082,129340623,775364158,54.69,65704,138.59,11,0.56,32.67,2025-12-29T11:03:05.396704384Z,170.05
98,9.84,850.2,-3.73,7.96,-4.42,264.87,-0.02,0.01,0,1.14,77,123158,129340623,775364158,53.99,65765,139.87,11,0.56,32.77,2025-12-29T11:03:08.487666787Z,161
95,9.84,850.2,-3.74,8.01,-4.32,264.87,-0.01,0,0,1.14,78,123179,129340623,775364158,54.46,65730,139.11,11,0.56,32.77,2025-12-29T11:03:11.535308747Z,164.56
97,9.88,850.2,-3.78,8.05,-4.3,264.87,-0.01,0.01,0,1.14,73,123168,129340635,775364123,54.58,65728,138.68,11,0.43,32.72,2025-12-29T11:03:14.613433706Z,156.86
95,9.84,850.2,-3.74,8,-4.33,264.87,-0.02,0,0,1.14,73,123174,129340588,775364216,54.41,65772,139.15,11,0.85,32.67,2025-12-29T11:03:17.682671003Z,167.37
95,9.85,850.3,-3.76,8.06,-4.25,264.87,-0.02,0,0,1.14,77,123128,129340578,775364225,54.84,65710,138.54,11,0.06,32.81,2025-12-29T11:03:20.753392088Z,175.56
98,9.82,849.8,-3.7,8.01,-4.31,264.87,-0.01,0,0.01,1.14,74,123160,129340593,775364235,54.63,65749,139.34,11,0.35,32.62,2025-12-29T11:03:23.824732542Z,-168.69
98,9.85,849.2,-3.74,8.02,-4.33,264.87,-0.02,0.01,0,1.14,77,123174,129340613,775364253,54.48,65734,139.14,11,0.15,32.72,2025-12-29T11:03:26.896095587Z,153.43
97,9.78,848.5,-3.73,7.95,-4.3,264.87,-0.02,0,0.01,1.14,74,123157,129340646,775364251,54.37,65723,139.04,11,0.15,32.81,2025-12-29T11:03:29.972600443Z,167.75
95,9.81,847.3,-3.71,8.01,-4.28,264.87,-0.02,0,0.01,1.14,74,123161,129340721,775364230,54.75,65750,139.05,11,0.15,32.67,2025-12-29T11:03:33.042165099Z,172.43
97,9.79,847.3,-3.72,7.97,-4.3,264.87,-0.02,0,0,1.14,78,123215,129340721,775364230,54.47,65708,139.15,11,0.15,32.81,2025-12-29T11:03:36.11076653Z,173.75
98,9.83,847.3,-3.72,8.01,-4.31,264.87,-0.01,0,0,1.14,72,123183,129340721,775364230,54.6,65742,139.24,11,0.15,32.72,2025-12-29T11:03:39.185245615Z,166.21
95,9.86,847.3,-3.74,8.05,-4.28,264.87,-0.02,0,0.01,1.14,70,123134,129340721,775364230,54.75,65699,138.84,11,0.15,32.86,2025-12-29T11:03:42.257093591Z,175.75
97,9.86,847.3,-3.81,8.03,-4.28,264.87,-0.02,0,0,1.14,75,123162,129340721,775364230,54.52,65686,138.32,11,0.15,32.81,2025-12-29T11:03:45.343480345Z,170.02
95,9.86,847.3,-3.75,8.08,-4.22,264.87,-0.02,0,0,1.14,75,123030,129340721,775364230,55.05,65750,138.42,11,0.15,32.67,2025-12-29T11:03:48.400567628Z,178.56
96,10.94,847.3,-3.75,8.41,-5.91,264.87,0.05,-0.11,0.07,1.14,71,123010,129340721,775364230,50.23,65674,147.57,11,0.15,32.72,2025-12-29T11:03:51.498012417Z,-65.85
97,9.29,847.3,-4.23,7.77,-2.82,264.87,0.07,0.19,-0.02,1.14,72,123045,129340595,775364260,56.82,65808,123.71,11,0.8,32.81,2025-12-29T11:03:54.557869279Z,68.64
97,9.82,847.3,-3.66,7.98,-4.38,264.87,-0.02,0,0,1.14,74,123002,129340654,775364243,54.44,65814,140.14,11,0.19,32.77,2025-12-29T11:03:57.820518083Z,176.55
98,9.88,848.9,-3.73,8.01,-4.43,264.87,-0.02,0,0,1.09,77,122990,129340653,775364286,54.15,65756,139.93,12,1.24,32.67,2025-12-29T11:04:00.893112052Z,170.95
96,9.88,849.6,-3.68,8.09,-4.3,264.87,-0.01,0,0,0.99,70,123027,129340630,775364321,55.02,65786,139.47,12,0.07,32.81,2025-12-29T11:04:03.981543852Z,180
98,9.88,849.8,-3.74,8.04,-4.35,264.87,-0.01,0.01,0,0.99,70,122957,129340651,775364446,54.52,65715,139.27,12,0.07,32.72,2025-12-29T11:04:07.043952645Z,159.97
96,9.88,849.8,-3.65,8.09,-4.33,264.87,-0.01,-0.01,0.01,0.99,72,123003,129340651,775364446,55,65778,139.87,12,0.07,32.91,2025-12-29T11:04:10.181405746Z,-122.25
95,9.82,849.8,-3.67,8.03,-4.3,264.87,-0.02,0.01,0,0.99,78,122976,129340651,775364446,54.88,65828,139.5,12,0.07,32.81,2025-12-29T11:04:13.201327849Z,156.96
98,9.9,849.8,-3.61,8.13,-4.33,264.87,-0.01,0,0.01,0.99,76,123003,129340651,775364446,55.25,65773,140.2,12,0.07,32.86,2025-12-29T11:04:16.478002424Z,-171.87
96,9.87,849.8,-3.62,8.06,-4.39,264.87,-0.02,0.02,0.01,0.99,79,122989,129340643,775364589,54.78,65850,140.43,12,0.31,32.86,2025-12-29T11:04:19.530944885Z,140.24
98,9.83,849.8,-3.62,8.05,-4.34,264.87,-0.02,0,0,0.99,77,122934,129340668,775364605,54.93,65829,140.19,12,0.67,32.77,2025-12-29T11:04:22.614669895Z,164.19
95,9.89,849.7,-3.63,8.12,-4.31,264.87,-0.01,0.01,0,1.01,73,123014,129340668,775364663,55.22,65860,139.91,12,0.3,32.81,2025-12-29T11:04:25.682978702Z,149.12
96,9.83,849.6,-3.62,8.04,-4.35,264.87,-0.02,0,0,1.14,77,123059,129340680,775364660,54.89,65854,140.27,11,0.54,32.86,2025-12-29T11:04:28.968897211Z,-177.59
98,9.85,850.9,-3.62,8.06,-4.36,264.87,-0.02,0.01,0.01,1.08,76,123042,129340610,775364718,54.9,65873,140.28,12,0.3,32.77,2025-12-29T11:04:32.251590475Z,160.69
98,9.87,850.9,-3.56,8.06,-4.45,264.87,-0.01,0.01,0.01,1.08,79,123060,129340610,775364718,54.74,65854,141.38,12,0.3,32.86,2025-12-29T11:04:35.717128995Z,157.8
97,9.88,850.9,-3.78,8.01,-4.37,264.87,-0.02,0.01,0.01,1.08,76,123022,129340565,775364738,54.2,65875,139.18,12,0.3,32.81,2025-12-29T11:04:39.206025501Z,146.63
98,9.88,852.7,-3.62,8.13,-4.29,264.87,-0.01,0,0,1.15,77,123039,129340515,775364751,55.35,65888,139.83,12,0.3,32.86,2025-12-29T11:04:42.912946149Z,174.81
95,9.82,852.7,-3.57,8.07,-4.3,264.87,-0.02,0,0,1.15,75,123008,129340515,775364751,55.29,65868,140.25,12,0.3,32.86,2025-12-29T11:04:46.58471046Z,171.33
96,9.93,852.7,-3.66,8.15,-4.35,264.87,-0.02,0,0,1.15,75,123027,129340515,775364751,55.07,65874,139.94,12,0.3,32.91,2025-12-29T11:04:50.526189428Z,172
96,9.89,856,-3.66,8.06,-4.41,264.87,-0.02,0,0.01,1.15,73,123032,129340323,775364676,54.59,65854,140.36,12,0.3,32.91,2025-12-29T11:04:53.959039518Z,165.5
95,9.87,856.6,-3.59,8.11,-4.32,264.87,-0.02,0.01,0.01,1.15,78,123035,129340295,775364663,55.29,65872,140.25,12,0.31,32.91,2025-12-29T11:04:57.652102074Z,150.75
96,9.83,856.6,-3.62,8.04,-4.36,264.87,-0.02,0,0,1.15,79,123034,129340295,775364663,54.82,65914,140.28,12,0.31,32.81,2025-12-29T11:05:00.911470804Z,-178.54
95,9.88,857,-3.63,8.09,-4.35,264.87,-0.01,0.01,0.01,1.15,71,123008,129340230,775364523,55.01,65877,140.13,12,0.06,32.91,2025-12-29T11:05:04.187314501Z,155.87
95,9.86,856.6,-3.57,8.07,-4.41,264.87,-0.02,0,0.01,1.05,76,122979,129340230,775364523,54.92,65882,141,12,0.06,32.91,2025-12-29T11:05:07.890224621Z,166.68
98,9.89,856.6,-3.57,8.17,-4.29,264.87,-0.02,0.03,0,1.05,78,123024,129340230,775364523,55.63,65863,140.24,12,0.06,32.81,2025-12-29T11:05:11.579860409Z,123.38
96,9.86,856.6,-3.61,8.05,-4.41,264.87,-0.01,0.01,0.01,1.05,77,123036,129340230,775364523,54.71,65857,140.7,12,0.06,32.91,2025-12-29T11:05:15.053992644Z,138.37
95,9.87,856.1,-3.63,8.1,-4.33,0,-0.02,0.01,0,1.15,72,123024,129340235,775364495,55.11,65854,140.04,12,0.19,32.86,2025-12-29T11:05:18.13027852Z,150.74
98,9.9,856.1,-3.58,8.11,-4.4,0,-0.02,0,0.01,1.15,78,123019,129340235,775364495,55.01,65851,140.86,12,0.19,32.95,2025-12-29T11:05:21.202136324Z,165.86
95,9.83,856.1,-3.58,8.03,-4.41,0,-0.02,0,0.01,1.15,70,123039,129340235,775364495,54.74,65872,140.94,12,0.19,32.91,2025-12-29T11:05:24.676846354Z,166.79
96,9.87,856.1,-3.55,8.08,-4.41,0,-0.02,0.01,0,1.15,74,123041,129340235,775364495,54.98,65861,141.18,12,0.19,32.95,2025-12-29T11:05:28.175299933Z,149.34
97,9.95,855.8,-3.62,8.16,-4.4,7,-0.02,0.01,0.01,1.15,72,123008,129340271,775364411,55.08,65824,140.51,12,0.28,33,2025-12-29T11:05:31.422067454Z,158.11
96,9.87,855.8,-3.58,8.11,-4.32,7,-0.02,0.01,0,1.15,71,122963,129340271,775364411,55.33,65867,140.33,12,0.28,32.81,2025-12-29T11:05:34.911261594Z,161.81
98,9.85,854.8,-3.63,8.09,-4.29,7,-0.02,0,0,1.15,77,122987,129340350,775364313,55.21,65868,139.79,11,0.09,32.91,2025-12-29T11:05:38.180807148Z,165.04
98,9.91,853.9,-3.58,8.15,-4.36,7,-0.01,0.01,0,1.15,72,122977,129340410,775364253,55.3,65867,140.65,12,0.09,33,2025-12-29T11:05:41.722499375Z,154.12
96,9.84,853.9,-3.52,8.09,-4.36,7,-0.02,0,0,1.15,77,122991,129340410,775364253,55.3,65831,141.02,12,0.09,33,2025-12-29T11:05:45.150864395Z,171.25
98,9.89,854.1,-3.64,8.08,-4.39,9,-0.02,0.01,0,1.15,77,123016,129340431,775364205,54.76,65830,140.33,12,0.13,33,2025-12-29T11:05:49.04705898Z,160.37
98,9.88,854.1,-3.61,8.08,-4.4,9,-0.01,0,0,1.15,74,123041,129340431,775364205,54.86,65833,140.6,12,0.13,32.95,2025-12-29T11:05:52.524775425Z,157.43
96,9.91,854.1,-3.6,8.1,-4.42,9,-0.02,0,0,1.15,76,123029,129340431,775364205,54.89,65798,140.87,12,0.13,33,2025-12-29T11:05:56.211361702Z,168.01
98,9.9,853.8,-3.62,8.1,-4.39,27,-0.02,0,0,1.15,75,123105,129340496,775364255,54.88,65857,140.48,12,0.24,32.95,2025-12-29T11:05:59.680456914Z,-175.67
98,9.87,853.8,-3.57,8.08,-4.38,27,-0.02,0,0.01,1.15,79,123107,129340536,775364290,55.02,65854,140.81,12,0.15,32.95,2025-12-29T11:06:02.965489004Z,178.09
98,9.86,853.2,-3.62,8.07,-4.37,27,-0.01,-0.01,0,1.15,73,123123,129340534,775364293,54.91,65806,140.38,11,0.15,32.91,2025-12-29T11:06:06.451769611Z,-135.7
95,9.88,853.2,-3.59,8.07,-4.42,27,-0.02,0,0.01,1.15,73,123277,129340534,775364293,54.78,65897,140.95,11,0.15,32.91,2025-12-29T11:06:09.945901004Z,165.86
97,9.87,855,-3.57,8.12,-4.33,27,-0.01,-0.01,-0.01,1.31,74,123665,129340413,775364335,55.37,66517,140.51,11,0.7,32.91,2025-12-29T11:06:13.421347812Z,-151.53
95,10.2,855,-1.39,8.33,-5.71,27,-0.01,0.01,0,1.31,73,123642,129340413,775364335,54.83,66505,166.32,11,0.7,33,2025-12-29T11:06:16.889463112Z,149.68
97,10.21,856.3,-1.31,8.41,-5.63,27,-0.01,0,0.01,1.2,75,123629,129340285,775364426,55.48,66496,166.87,11,1.5,32.86,2025-12-29T11:06:19.960795517Z,167.47
95,10.16,856.4,-1.37,8.35,-5.63,27,-0.01,0,0,1.44,74,123698,129340293,775364410,55.26,66546,166.32,10,1.5,32.95,2025-12-29T11:06:23.262284506Z,-179.47
96,10.22,855.7,-1.32,8.41,-5.65,27,-0.02,0,0,1.31,77,123625,129340278,775364500,55.43,66528,166.87,10,1.5,33.09,2025-12-29T11:06:26.723734398Z,170.95
96,10.17,855.7,-1.36,8.33,-5.67,27,-0.01,0,0,1.31,70,123611,129340461,775364318,55.02,66524,166.56,10,1.78,32.95,2025-12-29T11:06:30.514278723Z,169.03
96,10.17,853.6,-1.38,8.37,-5.61,27,-0.02,0,0.01,1.36,72,123639,129340548,775364241,55.37,66527,166.2,10,1.39,33,2025-12-29T11:06:34.100646858Z,169.7
98,10.24,853,-1.39,8.38,-5.73,27,-0.01,0.01,0,1.08,74,123571,129340666,775364086,54.87,66505,166.33,12,0.98,33,2025-12-29T11:06:37.794945927Z,152.31
97,10.12,852.1,-1.35,8.32,-5.61,27,-0.01,0,0,1.16,78,123549,129340883,775363821,55.25,66517,166.44,10,0.98,33.05,2025-12-29T11:06:41.462276257Z,162.53
96,10.16,852.1,-1.39,8.4,-5.54,27,-0.02,0.01,0,1.16,78,123492,129340883,775363821,55.78,66470,165.94,10,0.98,33.05,2025-12-29T11:06:45.159398378Z,161
95,10.15,851.8,-1.35,8.35,-5.61,27,-0.02,0,0,1.24,70,123530,129340975,775363688,55.37,66471,166.49,11,2.43,33,2025-12-29T11:06:48.645062726Z,173.06
97,10.13,851.8,-1.39,8.37,-5.53,27,-0.01,0.01,0.01,1.24,75,123472,129340975,775363688,55.75,66438,165.88,11,2.43,32.95,2025-12-29T11:06:52.332868342Z,153.43
96,10.21,852.2,-1.36,8.41,-5.61,88,-0.02,0.01,0.01,1.2,74,123569,129340990,775363641,55.52,66470,166.34,11,1.31,33,2025-12-29T11:06:56.016230078Z,156.96
96,10.14,852.2,-1.36,8.34,-5.6,88,-0.01,0,0,1.2,79,123566,129340990,775363641,55.35,66448,166.36,11,1.31,33.09,2025-12-29T11:06:59.491282188Z,173.07
97,10.17,852.2,-1.36,8.38,-5.6,88,-0.02,0.01,0,1.2,76,123577,129340990,775363641,55.52,66460,166.36,11,1.31,32.95,2025-12-29T11:07:03.181515254Z,164.21
97,10.11,846.3,-1.37,8.32,-5.57,88,-0.01,0,0,1.34,78,123627,129341241,775363608,55.41,66488,166.15,10,0.46,33.05,2025-12-29T11:07:06.471126012Z,160.76
96,10.15,846.3,-1.36,8.33,-5.64,88,-0.02,0.01,0.01,1.34,71,123665,129341241,775363608,55.13,66467,166.4,10,0.46,33.09,2025-12-29T11:07:09.739671358Z,158.35
96,10.2,846.5,-1.37,8.38,-5.65,88,-0.02,0.01,0,1.14,76,123679,129341031,775363948,55.28,66430,166.36,11,0.46,33.14,2025-12-29T11:07:13.634078879Z,153.64
96,10.15,846.3,-1.33,8.36,-5.59,88,-0.02,-0.01,0,1.14,77,123774,129340978,775364053,55.49,66416,166.64,12,0.46,33.05,2025-12-29T11:07:17.311103572Z,-156.58
98,10.16,847.6,-1.36,8.37,-5.59,88,-0.01,0,0,1.09,71,123778,129340908,775364051,55.53,66478,166.32,12,0.91,33,2025-12-29T11:07:20.602235584Z,176.63
97,10.13,847.6,-1.34,8.32,-5.61,88,-0.02,0,0,1.09,74,123191,129340908,775364051,55.27,65577,166.54,12,0.91,33.05,2025-12-29T11:07:24.102024805Z,169.53
98,9.78,849.2,-0.97,9.22,-3.12,88,-0.01,0.07,0.05,1.14,72,122822,129340805,775364030,70.49,65065,162.64,11,2.11,33.09,2025-12-29T11:07:27.35023025Z,99.25
98,9.77,849.2,-0.95,9.2,-3.14,88,-0.01,0.07,0.05,1.14,77,122819,129340805,775364030,70.36,65037,163.22,11,2.11,33.14,2025-12-29T11:07:30.810322428Z,97
98,9.64,851.5,-1,9.06,-3.13,88,-0.04,-0.02,0.01,1.2,72,122922,129340606,775364188,70.03,65133,162.25,11,0.24,33.09,2025-12-29T11:07:33.884105408Z,-154.96
98,9.71,851.9,-1.21,9.17,-2.97,88,-0.01,0.01,0,1.22,72,122919,129340581,775364238,70.73,65093,157.75,10,0.31,33.19,2025-12-29T11:07:36.96398075Z,156.87
95,9.82,851.8,-1.2,9.25,-3.06,88,-0.02,0.01,0.01,1.08,76,122970,129340571,775364296,70.41,65126,158.55,12,0.31,33.14,2025-12-29T11:07:40.47288654Z,158.28
96,9.76,851.8,-1.13,9.25,-2.9,88,-0.02,0,0,1.08,70,123116,129340571,775364296,71.4,65201,158.68,12,0.31,33.09,2025-12-29T11:07:43.521400162Z,-174.81
98,9.8,851.8,-1.1,9.23,-3.11,88,-0.02,0,0,1.08,76,123156,129340526,775364431,70.3,65176,160.49,12,0.19,33.09,2025-12-29T11:07:47.003561754Z,-170.1
97,9.82,853.1,-1.17,9.25,-3.09,88,-0.01,0,0,1.08,74,123188,129340505,775364376,70.35,65217,159.19,12,0.93,33.14,2025-12-29T11:07:50.155057734Z,163.9
98,9.81,853.1,-1.23,9.24,-3.04,88,-0.02,0,0.01,1.08,77,123215,129340505,775364376,70.46,65229,158.02,12,0.93,33.19,2025-12-29T11:07:53.148210157Z,168.42
96,9.81,853.1,-1.19,9.26,-3.02,88,-0.01,0.01,0.01,1.08,70,123268,129340505,775364376,70.7,65311,158.51,12,0.93,33.19,2025-12-29T11:07:56.211204245Z,159.44
96,9.75,853.1,-1.18,9.19,-3.03,88,-0.02,0,0.01,1.08,73,123246,129340505,775364376,70.53,65325,158.79,12,0.93,33.09,2025-12-29T11:07:59.280458452Z,-169.65
97,9.83,853.1,-1.17,9.27,-3.08,88,-0.01,0.01,0.01,1.08,70,123253,129340505,775364376,70.41,65329,159.29,12,0.93,33.14,2025-12-29T11:08:02.36255087Z,152.41
98,9.77,853.1,-1.16,9.24,-2.97,88,-0.02,0,0.01,1.08,75,123235,129340505,775364376,70.96,65297,158.64,12,0.93,33.19,2025-12-29T11:08:05.430558585Z,167.01
98,9.75,853.1,-1.12,9.19,-3.04,88,-0.02,0.01,0,1.08,74,123246,129340505,775364376,70.62,65295,159.82,12,0.93,33.09,2025-12-29T11:08:08.70301075Z,160.5
98,9.79,853.1,-1.22,9.24,-3,88,-0.01,0.01,0.01,1.08,73,123210,129340403,775364583,70.72,65290,157.86,12,0.13,33.14,2025-12-29T11:08:11.788243511Z,159.27
97,9.78,853.4,-1.18,9.27,-2.89,88,-0.02,0,0.01,1.15,76,123221,129340390,775364646,71.42,65283,157.79,12,0.33,33.19,2025-12-29T11:08:14.856686226Z,165.04
95,9.77,852.6,-1.14,9.2,-3.07,88,-0.02,0.01,0.01,1.05,71,123165,129340396,775364671,70.4,65294,159.57,12,0.44,33.19,2025-12-29T11:08:17.932752777Z,151.81
95,9.79,852,-1.17,9.25,-2.99,88,-0.02,0.01,0.01,1.05,70,123197,129340420,775364701,70.84,65339,158.71,12,0.44,33.09,2025-12-29T11:08:20.998199773Z,137.9
95,9.85,851.4,-1.14,9.28,-3.09,88,-0.01,0,0,1.05,72,123233,129340423,775364726,70.44,65326,159.68,12,0.44,33.24,2025-12-29T11:08:24.065750532Z,-162.65
95,9.8,851.4,-1.18,9.26,-3.01,88,-0.02,0,0.01,1.05,72,123277,129340423,775364726,70.77,65303,158.65,12,0.44,33.24,2025-12-29T11:08:27.144382578Z,166.56
96,9.79,851.4,-1.19,9.22,-3.06,88,-0.02,0.01,0.01,1.05,78,123367,129340423,775364726,70.4,65334,158.75,12,0.44,33.14,2025-12-29T11:08:30.267581626Z,161.71
95,9.75,851.4,-1.17,9.23,-2.94,88,-0.02,0,0.01,1.05,75,123392,129340423,775364726,71.09,65295,158.35,12,0.44,33.09,2025-12-29T11:08:33.276987242Z,168.31
96,9.88,851.4,-1.24,9.3,-3.09,88,-0.02,0,0.01,1.05,72,123440,129340423,775364726,70.29,65303,158.15,12,0.44,33.33,2025-12-29T11:08:36.349291425Z,173.42
95,9.82,851.4,-1.21,9.25,-3.06,88,-0.02,0,0.01,1.05,75,123485,129340423,775364726,70.43,65325,158.42,12,0.44,33.19,2025-12-29T11:08:39.428060704Z,167.91
98,9.76,851.4,-1.23,9.2,-3.03,88,-0.01,0,0.01,1.05,74,123471,129340423,775364726,70.41,65356,157.96,12,0.44,33.19,2025-12-29T11:08:42.50180451Z,167.35
97,9.84,851.4,-1.17,9.3,-3,50,-0.02,0,0,1.05,72,123480,129340418,775364625,70.9,65309,158.64,12,0.67,33.19,2025-12-29T11:08:45.587636325Z,174.6
96,9.83,853.1,-1.23,9.26,-3.07,50,-0.02,0,0.01,1.15,78,123611,129340445,775364606,70.36,65380,158.18,12,0.35,33.28,2025-12-29T11:08:48.662359991Z,178.59
96,9.78,852.5,-1.23,9.23,-3,50,-0.02,0.01,0,1.15,74,123589,129340470,775364593,70.64,65371,157.79,12,0.26,33.19,2025-12-29T11:08:51.734122626Z,157.19
98,9.78,852.6,-1.17,9.22,-3.04,50,-0.02,0,0.01,1.15,77,123581,129340491,775364586,70.57,65340,158.91,12,0.17,33.19,2025-12-29T11:08:54.78563044Z,174.72
98,9.8,853.6,-1.19,9.23,-3.07,50,-0.02,0.01,0.01,1.09,76,123581,129340441,775364623,70.37,65397,158.81,12,0.57,33.28,2025-12-29T11:08:57.876405344Z,159.44
98,9.85,854,-1.21,9.28,-3.06,50,-0.02,0,0,1.17,73,123571,129340400,775364653,70.46,65356,158.38,12,0.94,33.19,2025-12-29T11:09:01.300104366Z,162.33
97,9.77,854,-1.19,9.21,-3.04,50,-0.01,0.01,0.01,1.17,73,123641,129340400,775364653,70.51,65370,158.68,12,0.94,33.09,2025-12-29T11:09:04.41779089Z,157.91
95,9.79,854,-1.19,9.23,-3.05,50,-0.01,0,0.01,1.17,78,123653,129340400,775364653,70.48,65367,158.77,12,0.94,33.28,2025-12-29T11:09:08.326861119Z,169.79
97,9.79,854,-1.16,9.25,-2.99,42,-0.01,0,0.01,1.17,73,123648,129340586,775364526,70.88,65348,158.74,12,0.09,33.19,2025-12-29T11:09:12.228782104Z,159.32
98,9.85,851.2,-1.24,9.28,-3.06,42,-0.02,0.01,0.01,1.15,77,123611,129340585,775364543,70.42,65292,157.94,12,0.09,33.24,2025-12-29T11:09:15.262387506Z,163.47
97,9.78,851.2,-1.23,9.23,-3,42,-0.02,0,0.01,1.15,71,123746,129340585,775364543,70.65,65359,157.77,12,0.09,33.24,2025-12-29T11:09:18.555240042Z,170.28
96,9.78,851.2,-1.24,9.22,-3.01,42,-0.01,0,0.01,1.15,76,123674,129340585,775364543,70.54,65346,157.67,12,0.09,33.14,2025-12-29T11:09:21.834640836Z,163.58
98,9.81,850.9,-1.14,9.22,-3.14,42,-0.02,0,0,1.15,70,123603,129340626,775364473,70.1,65381,160.01,12,0.11,33.28,2025-12-29T11:09:25.514748306Z,165.5
98,9.83,850.9,-1.15,9.29,-2.99,42,-0.01,0,0.01,1.15,75,123594,129340626,775364473,70.96,65430,158.91,12,0.11,33.28,2025-12-29T11:09:28.799100824Z,162.4
98,9.86,849.8,-1.19,9.28,-3.1,42,-0.01,0,0,1.17,74,123530,129340671,775364473,70.34,65353,158.97,12,0.26,33.28,2025-12-29T11:09:31.854072693Z,160.95
98,9.81,850.1,-1.25,9.2,-3.17,42,-0.01,0.01,0.01,1.17,74,123595,129340641,775364480,69.7,65421,158.45,12,0.13,33.19,2025-12-29T11:09:35.563677749Z,138.63
95,9.79,848.9,-1.18,9.25,-3,42,-0.02,0,0,1.17,71,123574,129340695,775364495,70.8,65427,158.55,12,0.13,33.19,2025-12-29T11:09:39.036806671Z,173.61
97,9.82,847.4,-1.26,9.24,-3.07,42,-0.01,-0.01,0,1.17,70,123552,129340735,775364475,70.25,65422,157.69,12,0.07,33.33,2025-12-29T11:09:42.944552572Z,-141.89
97,9.84,847.4,-1.24,9.27,-3.05,42,-0.02,0,0,1.17,77,123698,129340735,775364475,70.43,65507,157.8,12,0.07,33.24,2025-12-29T11:09:45.978793209Z,165.96
95,9.78,847.9,-1.13,9.23,-3.05,42,-0.01,0.01,0.01,1.05,71,123683,129340701,775364498,70.62,65482,159.68,12,0.07,33.19,2025-12-29T11:09:49.075095548Z,125.29
95,9.85,847.9,-1.14,9.28,-3.11,42,-0.02,0.01,0.01,1.05,71,123695,129340701,775364498,70.35,65497,159.8,12,0.07,33.14,2025-12-29T11:09:52.133387433Z,154.89
95,9.84,847.9,-1.13,9.28,-3.07,42,-0.02,0,0,1.05,71,123691,129340701,775364498,70.59,65481,159.83,12,0.07,33.24,2025-12-29T11:09:55.419697796Z,-169.81
98,9.88,847.9,-1.12,9.3,-3.17,42,-0.01,0,0,1.05,71,123662,129340701,775364498,70.14,65477,160.47,12,0.07,33.24,2025-12-29T11:09:58.680496698Z,172.63
97,9.85,848,-1.18,9.29,-3.04,11,-0.01,0.01,0.01,1.15,77,123676,129340746,775364336,70.67,65513,158.86,12,0.07,33.19,2025-12-29T11:10:02.1954685Z,154.9
95,9.81,847.8,-1.05,9.24,-3.12,11,-0.01,0.01,0,1.3,79,123688,129340771,775364333,70.41,65512,161.33,11,0.07,33.14,2025-12-29T11:10:05.438880587Z,158.1
97,9.83,847.8,-1.19,9.25,-3.11,11,-0.02,0,0,1.3,78,123746,129340791,775364355,70.2,65486,159.06,11,0.13,33.28,2025-12-29T11:10:08.520782494Z,166.63
96,9.85,847.8,-1.13,9.29,-3.06,11,-0.01,0.01,0.01,1.3,70,123700,129340796,775364383,70.64,65498,159.7,11,0.13,33.24,2025-12-29T11:10:11.59012799Z,149.42
96,9.81,848,-1.11,9.24,-3.09,11,-0.01,0,0.01,1.3,73,123639,129340785,775364401,70.43,65418,160.28,11,0.3,33.24,2025-12-29T11:10:14.861030554Z,170.09
97,9.83,848,-1.12,9.28,-3.04,11,-0.02,0,0.01,1.15,73,123741,129340783,775364440,70.73,65493,159.83,11,0.11,33.19,2025-12-29T11:10:17.931734192Z,166.61
96,9.77,848.5,-1.13,9.21,-3.07,11,-0.01,0,0.01,1.15,79,123737,129340759,775364473,70.43,65472,159.9,12,0.11,33.24,2025-12-29T11:10:21.059295033Z,170.27
98,9.85,848.5,-1.12,9.29,-3.06,11,-0.01,0,0,1.15,73,123850,129340759,775364473,70.69,65532,159.87,12,0.11,33.28,2025-12-29T11:10:24.525231803Z,180
97,9.9,848.5,-1.12,9.33,-3.13,11,-0.01,0,0,1.15,77,123898,129340759,775364473,70.4,65550,160.38,12,0.11,33.19,2025-12-29T11:10:27.784532964Z,178
97,9.8,848.3,-1.09,9.23,-3.11,11,-0.02,0,0,1.3,78,123898,129340756,775364493,70.35,65558,160.74,12,0.17,33.28,2025-12-29T11:10:30.840100838Z,166.08
98,9.87,848.5,-1.1,9.32,-3.06,11,-0.01,0,0,1.3,76,123860,129340748,775364500,70.75,65563,160.27,11,0.06,33.14,2025-12-29T11:10:34.331241365Z,164.21
95,9.84,848.9,-1.08,9.28,-3.06,11,-0.02,0.01,0,1.3,76,123878,129340721,775364515,70.7,65573,160.51,11,0.06,33.19,2025-12-29T11:10:38.010591582Z,152.28
98,9.85,848.7,-1.05,9.3,-3.05,11,-0.01,-0.02,0,1.3,71,123922,129340746,775364485,70.87,65599,161.08,10,0.22,33.24,2025-12-29T11:10:41.568989666Z,-128.01
96,9.82,848.7,-1.05,9.27,-3.08,11,-0.01,0.01,0.01,1.3,78,123978,129340746,775364485,70.66,65587,161.19,10,0.22,33.19,2025-12-29T11:10:44.769704844Z,159.85
96,9.82,849.3,-1.13,9.22,-3.19,11,-0.02,0,0,1.3,79,123963,129340718,775364455,69.88,65546,160.51,11,0.24,33.24,2025-12-29T11:10:47.848422312Z,167.87
96,9.81,849.4,-1.07,9.24,-3.12,11,-0.01,0,0.01,1.3,79,123991,129340724,775364435,70.35,65552,160.99,11,0.11,33.28,2025-12-29T11:10:50.923861531Z,168.58
96,9.82,849.6,-1.1,9.27,-3.03,11,-0.02,0,0,1.3,76,124062,129340718,775364426,70.83,65585,159.98,11,0.11,33.24,2025-12-29T11:10:53.976824313Z,169.91
95,9.83,849.7,-1.11,9.26,-3.11,11,-0.02,0,0,1.3,74,124023,129340733,775364410,70.41,65527,160.39,11,0.11,33.33,2025-12-29T11:10:57.672821385Z,170.13
96,9.82,849.7,-1.07,9.27,-3.05,11,-0.01,0,0.01,1.3,72,123952,129340733,775364410,70.77,65514,160.67,11,0.11,33.28,2025-12-29T11:11:00.951846641Z,172.11
96,9.83,849.9,-1.11,9.26,-3.09,11,-0.02,0,0.01,1.19,71,123988,129340710,775364381,70.47,65525,160.32,12,0.09,33.19,2025-12-29T11:11:04.012654741Z,174.38
96,9.79,849.9,-1.06,9.23,-3.07,11,-0.01,0,0.01,1.19,76,123951,129340710,775364381,70.63,65502,161.02,12,0.09,33.24,2025-12-29T11:11:07.090288839Z,-170.64
95,9.87,849.9,-1.09,9.32,-3.07,11,-0.02,0,0.01,1.19,70,124004,129340710,775364381,70.71,65513,160.53,12,0.09,33.24,2025-12-29T11:11:10.203870817Z,166.71
97,9.86,849.9,-1.06,9.29,-3.11,11,-0.02,0,0,1.19,71,123996,129340710,775364381,70.53,65509,161.21,12,0.09,33.24,2025-12-29T11:11:13.226564934Z,-177.8
96,9.79,849.9,-1.09,9.22,-3.11,11,-0.01,0.01,0.01,1.19,76,123979,129340710,775364381,70.33,65470,160.6,12,0.09,33.19,2025-12-29T11:11:16.510567025Z,149.36
96,9.81,849.9,-1.09,9.27,-3.01,11,-0.01,0,0,1.19,77,125129,129340710,775364381,70.94,67146,160.12,12,0.09,33.24,2025-12-29T11:11:19.78460815Z,-165.44
95,10.17,849.5,-0.65,8.47,-5.6,11,-0.01,0,0.01,1.15,75,124952,129340788,775364358,56.32,67077,173.35,12,1.19,33.28,2025-12-29T11:11:23.073457756Z,168.49
96,10.23,849.5,-0.48,8.58,-5.56,11,-0.02,0.01,0,1.15,78,124831,129340788,775364358,56.93,67015,175.03,12,1.19,33.24,2025-12-29T11:11:26.141383569Z,160.25
95,10.19,849.5,-0.57,8.54,-5.54,11,-0.02,0,0.01,1.15,78,124836,129340788,775364358,56.87,67067,174.1,12,1.19,33.24,2025-12-29T11:11:29.21080201Z,166.32
95,10.23,849.5,-0.53,8.58,-5.54,11,-0.01,0,0,1.15,79,124819,129340788,775364358,57.03,67023,174.57,12,1.19,33.24,2025-12-29T11:11:32.28110591Z,175.15
97,10.12,849.5,-0.58,8.48,-5.49,11,-0.02,0,0,1.15,78,124831,129340788,775364358,56.91,67010,173.98,12,1.19,33.24,2025-12-29T11:11:35.358641713Z,167.03
97,11.4,849.5,-1.42,8.31,-7.68,11,-0.07,-0.22,0.12,1.15,74,124762,129340788,775364358,46.76,66924,169.53,12,1.19,33.19,2025-12-29T11:11:38.418710521Z,-107.29
96,10.25,849.5,-1.03,8.41,-5.77,11,-0.01,0.01,0.01,1.15,71,124841,129340788,775364358,55.13,66884,169.84,12,1.19,33.19,2025-12-29T11:11:41.500879817Z,158.39
98,10.2,849.5,-1.05,8.39,-5.7,11,-0.01,0,0,1.15,76,124846,129340960,775363193,55.37,66894,169.53,12,0.37,33.14,2025-12-29T11:11:44.560767602Z,160.53
97,10.22,854.2,-0.99,8.38,-5.75,11,-0.02,0,0,1.2,76,124801,129340958,775363263,55.16,66896,170.22,12,0.26,33.24,2025-12-29T11:11:47.631243383Z,167.97
95,10.21,853.6,-1.05,8.42,-5.68,11,-0.01,0,0,1.2,75,124840,129340971,775363201,55.54,66897,169.56,11,1.98,33.33,2025-12-29T11:11:50.715560022Z,166.23
95,10.2,852.7,-0.98,8.42,-5.67,11,-0.01,0,0.01,1.41,71,124844,129340981,775363246,55.67,66853,170.22,10,0.44,33.33,2025-12-29T11:11:53.796683519Z,167.29
96,10.2,850.3,-1.06,8.34,-5.79,11,-0.02,0,0,1.41,75,124904,129341003,775363236,54.78,66878,169.64,10,0.19,33.24,2025-12-29T11:11:56.855311093Z,172.63
95,10.22,848.2,-1.02,8.42,-5.71,11,-0.02,0,0,1.41,78,124865,129340988,775363288,55.45,66863,169.84,11,0.61,33.28,2025-12-29T11:11:59.929369837Z,180
97,10.18,846.5,-1.08,8.39,-5.66,11,-0.01,0,0,1.41,71,124858,129341018,775363093,55.5,66837,169.21,10,0.61,33.19,2025-12-29T11:12:03.196982219Z,174.05
96,10.21,846.5,-1.04,8.35,-5.77,11,-0.01,0.01,0,1.41,77,124870,129341018,775363093,54.91,66862,169.78,10,0.61,33.28,2025-12-29T11:12:06.542177248Z,136.99
97,10.19,846.5,-1.02,8.37,-5.72,11,-0.02,0.01,0,1.41,72,124819,129341018,775363093,55.22,66797,169.89,10,0.61,33.19,2025-12-29T11:12:09.546025927Z,161.43
95,10.2,846.5,-1.03,8.42,-5.67,11,-0.02,0.02,0.01,1.41,74,124903,129340958,775363030,55.61,66835,169.71,10,0.2,33.28,2025-12-29T11:12:12.621798311Z,134.8
97,10.19,844,-0.99,8.42,-5.65,11,-0.02,0.01,0.01,1.13,77,124986,129340960,775362910,55.72,66872,170.05,11,0.89,33.19,2025-12-29T11:12:15.701344528Z,145.67
96,10.17,844.5,-1.06,8.36,-5.71,285.2,-0.02,0,0,1.3,72,124911,129340983,775362693,55.21,66876,169.52,10,2.41,33.33,2025-12-29T11:12:18.759113461Z,-176.31
97,10.25,843.9,-1.08,8.36,-5.82,285.2,0,-0.01,0,1.3,79,124898,129340990,775362813,54.69,66836,169.45,10,0.39,33.33,2025-12-29T11:12:21.911202906Z,-112.8
98,10.21,844.2,-1.03,8.39,-5.73,285.2,-0.02,0.03,0,1.75,79,124919,129341006,775362730,55.25,66847,169.83,9,0.93,33.38,2025-12-29T11:12:24.931605707Z,118.73
95,10.17,845.9,-1.13,8.37,-5.66,285.2,-0.01,0,0,1.41,77,124938,129341001,775362793,55.4,66885,168.76,11,0.93,33.28,2025-12-29T11:12:28.202230183Z,-174.53
98,10.18,846.3,-1.09,8.4,-5.65,285.2,0,0.01,-0.01,1.41,74,124508,129340983,775363048,55.6,66202,169.08,11,0.93,33.28,2025-12-29T11:12:31.264102843Z,108.43
96,9.93,846.3,-2.39,8.46,-4.6,285.2,-0.01,-0.02,0.02,1.41,73,124482,129340983,775363048,58.49,66178,152.55,11,0.93,33.28,2025-12-29T11:12:34.327922073Z,-114.59
97,9.91,846.3,-2.43,8.44,-4.58,285.2,-0.01,0.01,0.01,1.41,79,124592,129340983,775363048,58.41,66230,152.08,11,0.93,33.28,2025-12-29T11:12:37.413503466Z,156.94
95,10.01,846.3,-2.43,8.52,-4.66,285.2,-0.01,0.01,0,1.41,74,124556,129340983,775363048,58.33,66218,152.5,11,0.93,33.24,2025-12-29T11:12:40.537399292Z,148.09
97,10.04,846.3,-2.5,8.57,-4.61,69,-0.02,0,0,1.41,74,124558,129340736,775363403,58.53,66211,151.56,11,1,33.28,2025-12-29T11:12:43.553856458Z,-178.49
96,9.97,846.3,-2.44,8.55,-4.51,69,-0.01,0,0.01,1.41,74,124541,129340698,775363618,59.03,66200,151.58,11,0.41,33.33,2025-12-29T11:12:46.620501811Z,161.25
96,9.95,843.9,-2.44,8.52,-4.51,69,-0.01,0,0,1.31,76,124509,129340650,775363825,58.95,66224,151.58,11,0.35,33.24,2025-12-29T11:12:49.696186802Z,-171.63
98,9.96,843.4,-2.42,8.5,-4.59,69,-0.01,0.01,0,1.35,79,124501,129340555,775363908,58.6,66181,152.23,10,0.8,33.19,2025-12-29T11:12:52.774510901Z,159.27
95,9.98,842.8,-2.45,8.5,-4.6,69,-0.01,0,0,1.35,79,124536,129340555,775364035,58.48,66234,151.93,10,0.09,33.24,2025-12-29T11:12:55.841594404Z,170.02
97,9.94,843.1,-2.43,8.5,-4.56,69,-0.02,0,0.01,1.35,73,124500,129340563,775364121,58.72,66176,151.97,10,0.5,33.14,2025-12-29T11:12:58.907583001Z,165.28
98,10.02,842.9,-2.43,8.53,-4.66,69,-0.02,0.01,0.01,1.35,71,124569,129340566,775364175,58.34,66225,152.52,10,0.5,33.24,2025-12-29T11:13:02.19444156Z,152.7
97,9.99,842.9,-2.47,8.54,-4.56,69,-0.02,0.01,0,1.18,76,124562,129340541,775364180,58.71,66184,151.61,11,0.5,33.24,2025-12-29T11:13:05.261427595Z,158.2
98,9.95,842.9,-2.42,8.55,-4.47,69,-0.01,0.01,0,1.18,76,124519,129340541,775364180,59.27,66165,151.56,11,0.5,33.28,2025-12-29T11:13:08.336396936Z,145.81
98,9.97,842.9,-2.42,8.52,-4.57,69,-0.01,0.01,0,1.18,75,124570,129340541,775364180,58.76,66158,152.08,11,0.5,33.33,2025-12-29T11:13:11.403760535Z,158.02
98,9.98,842.9,-2.44,8.5,-4.61,69,-0.02,0,0,1.18,76,124601,129340541,775364180,58.44,66164,152.08,11,0.5,33.33,2025-12-29T11:13:14.467429432Z,177.63
95,10.04,842.9,-2.48,8.56,-4.61,69,-0.02,0,0,1.18,77,124607,129340548,775364171,58.53,66160,151.71,11,0.39,33.38,2025-12-29T11:13:17.561148245Z,171.59
97,9.99,842.9,-2.46,8.51,-4.62,69,-0.02,0.01,0,1.18,72,124637,129340541,775364120,58.4,66168,151.98,11,0.19,33.28,2025-12-29T11:13:20.618287603Z,151.36
95,9.92,850.1,-2.45,8.45,-4.57,69,-0.02,0,0,1.18,79,124642,129340515,775364083,58.46,66134,151.77,12,0.17,33.33,2025-12-29T11:13:23.711564542Z,175.24
95,9.92,851.5,-2.41,8.5,-4.51,69,-0.02,0.01,0,1.17,72,124686,129340485,775364066,58.97,66193,151.92,12,0.11,33.28,2025-12-29T11:13:26.755489869Z,162.24
96,10,852.6,-2.44,8.57,-4.54,69,-0.02,0,0,1.17,78,124651,129340463,775364035,58.96,66182,151.77,12,0.02,33.24,2025-12-29T11:13:29.842239808Z,162.47
97,9.94,853,-2.43,8.52,-4.52,69,-0.02,0.01,0.01,1.17,77,124612,129340461,775364026,58.94,66124,151.78,12,0.07,33.38,2025-12-29T11:13:32.905544085Z,153.43
95,9.93,852.7,-2.43,8.48,-4.55,69,-0.02,0.01,0.01,1.17,72,124633,129340471,775364050,58.68,66152,151.94,12,0.07,33.28,2025-12-29T11:13:35.969230828Z,159.35
95,9.95,852.9,-2.46,8.5,-4.55,69,-0.02,0,0.01,1.17,74,124689,129340490,775364063,58.7,66152,151.61,12,0.07,33.19,2025-12-29T11:13:39.040179071Z,171.8
98,10.01,852.9,-2.45,8.55,-4.58,69,-0.02,0,0,1.17,77,124691,129340490,775364063,58.73,66110,151.88,12,0.07,33.28,2025-12-29T11:13:42.322622851Z,167.37
98,9.99,852.9,-2.44,8.51,-4.63,69,-0.01,0.01,0,1.17,70,124706,129340490,775364063,58.41,66155,152.14,12,0.07,33.24,2025-12-29T11:13:45.401656103Z,151.14
98,9.92,852.9,-2.45,8.46,-4.56,69,-0.02,0,0,1.17,79,124753,129340490,775364063,58.56,66127,151.77,12,0.07,33.28,2025-12-29T11:13:48.675791659Z,179.03
97,10,852.9,-2.44,8.52,-4.62,69,-0.01,0,0,1.17,75,124822,129340513,775364163,58.47,66127,152.16,12,0.15,33.28,2025-12-29T11:13:51.739625761Z,175.91
96,9.94,854.3,-2.4,8.53,-4.51,69,-0.01,0,0.01,1.17,74,124896,129340518,775364171,59.05,66165,151.98,12,0.04,33.28,2025-12-29T11:13:54.814994649Z,171.55
95,10.03,855.1,-2.36,8.61,-4.57,69,-0.02,0,0,1.32,76,124884,129340495,775364166,59.15,66127,152.64,12,0.22,33.28,2025-12-29T11:13:57.903938672Z,166.56
97,10,855.1,-2.42,8.56,-4.58,69,-0.02,0.01,0,1.32,71,124894,129340498,775364188,58.82,66155,152.13,12,0.22,33.28,2025-12-29T11:14:00.968005156Z,155.81
98,9.96,855,-2.42,8.5,-4.58,69,-0.01,0,0,1.32,74,124841,129340501,775364211,58.65,66104,152.17,11,0.22,33.33,2025-12-29T11:14:04.034146048Z,172.13
95,9.97,855,-2.4,8.53,-4.57,69,-0.01,0,0,1.32,78,124861,129340501,775364211,58.84,66134,152.32,11,0.22,33.28,2025-12-29T11:14:07.101311945Z,173.81
98,9.92,855,-2.45,8.5,-4.5,69,-0.02,0.01,0,1.32,70,124933,129340501,775364211,58.89,66137,151.41,11,0.22,33.19,2025-12-29T11:14:10.222158208Z,152.58
98,9.95,855,-2.45,8.49,-4.56,69,-0.01,0,0.01,1.32,71,124898,129340501,775364211,58.65,66146,151.75,11,0.22,33.14,2025-12-29T11:14:13.248720526Z,165.96
95,9.99,855,-2.43,8.52,-4.61,69,-0.02,0,0,1.32,79,124872,129340501,775364211,58.51,66177,152.18,11,0.22,33.28,2025-12-29T11:14:16.325157881Z,-174.37
96,9.95,855,-2.42,8.48,-4.6,69,-0.02,0,0,1.32,76,124778,129340501,775364211,58.5,66143,152.24,11,0.22,33.28,2025-12-29T11:14:19.385331234Z,166.63
96,9.97,855,-2.49,8.53,-4.51,69,-0.01,0,0,1.32,76,124703,129340501,775364211,58.85,66099,151.09,11,0.22,33.28,2025-12-29T11:14:22.870373676Z,173.72
98,9.95,855,-2.43,8.48,-4.6,157,-0.02,0,0,1.32,75,124690,129340521,775364493,58.47,66086,152.21,11,0.26,33.19,2025-12-29T11:14:25.95645342Z,165.54
97,9.88,851.8,-2.41,8.46,-4.49,157,-0.01,0,0,1.17,72,124608,129340521,775364493,58.94,66143,151.83,12,0.26,33.19,2025-12-29T11:14:29.018128836Z,-175.83
96,9.94,852.1,-2.42,8.48,-4.6,157,-0.02,0.01,0,1.17,79,125030,129340501,775364490,58.48,66544,152.28,12,0.26,33.24,2025-12-29T11:14:32.651927297Z,162.65
97,9.2,852.1,-2.39,7.9,-4.06,157,0.28,0.16,0.1,1.17,78,124193,129340501,775364490,59.22,65510,149.54,12,0.26,33.28,2025-12-29T11:14:36.191232935Z,29.1
96,9.87,852.1,-1.58,9.11,-3.47,157,-0.02,0.01,0,1.17,78,123784,129340501,775364490,67.31,65043,155.56,12,0.26,33.33,2025-12-29T11:14:39.254901018Z,160.02
98,9.9,852.1,-1.71,9.01,-3.72,157,-0.02,-0.14,0.03,1.17,74,122311,129340501,775364490,65.58,62232,155.23,12,0.26,33.33,2025-12-29T11:14:42.332316807Z,-96.63
97,9.83,852.1,-1.67,9.02,-3.52,157,-0.01,0.01,0.01,1.17,78,124767,129340501,775364490,66.65,65750,154.63,12,0.26,33.28,2025-12-29T11:14:45.40616078Z,142.35
95,9.85,852.1,-1.38,8.64,-4.53,157,0.48,-0.15,0.17,1.17,77,123602,129340501,775364490,61.29,63520,163.1,12,0.26,33.33,2025-12-29T11:14:48.491676498Z,-17.21
98,9.61,852.1,-2.12,8.15,-4.63,157,-0.16,-0.15,0.15,1.17,77,123502,129340578,775364481,58.01,63595,155.39,12,2.33,33.33,2025-12-29T11:14:51.543389428Z,-136.76
96,9.81,852.1,-3.4,8.16,-4.25,157,0.1,0.02,0.02,1.17,76,124853,129340615,775364418,56.28,66162,141.29,12,2.15,33.33,2025-12-29T11:14:54.626338584Z,13.69
98,9.93,851.9,-2.66,8.36,-4.65,157,-0.01,0,0,0.99,79,124621,129340560,775364580,57.34,65969,150.22,12,4,33.38,2025-12-29T11:14:57.698831167Z,-176.31
97,9.97,851.9,-2.59,8.37,-4.75,157,-0.02,0,0.01,1.09,73,124733,129340556,775364701,57.14,66086,151.4,12,0.96,33.28,2025-12-29T11:15:00.76838754Z,168.97
96,9.97,852.2,-2.64,8.41,-4.66,157,-0.01,0.01,0,1.24,78,124863,129340666,775364246,57.49,66091,150.43,11,4.35,33.33,2025-12-29T11:15:03.835178777Z,159.97
95,10.07,852.6,-2.67,8.49,-4.69,157,-0.01,0.01,0.01,1.29,79,124831,129340648,775364123,57.56,66100,150.31,11,1.74,33.38,2025-12-29T11:15:06.905167303Z,151.63
97,10.02,852.1,-2.67,8.43,-4.73,157,-0.01,-0.01,0,1.47,77,124777,129340616,775364358,57.19,65958,150.51,11,1.74,33.38,2025-12-29T11:15:09.973616606Z,-157.67
96,9.94,850.6,-2.67,8.39,-4.61,157,-0.02,0,0,1.47,78,124958,129340643,775364213,57.57,66065,149.91,10,1.74,33.38,2025-12-29T11:15:13.048500007Z,169.35
98,9.93,850.6,-2.62,8.4,-4.61,157,-0.01,0.01,0,1.47,79,125008,129340643,775364213,57.77,66120,150.4,10,1.74,33.38,2025-12-29T11:15:16.133442985Z,137.52
98,10.01,850.6,-2.62,8.44,-4.69,157,-0.02,0,0,1.47,75,124998,129340643,775364213,57.56,66066,150.79,10,1.74,33.33,2025-12-29T11:15:19.195080398Z,168.21
95,9.98,850.6,-2.61,8.42,-4.69,157,-0.01,0,0,1.47,76,124996,129340643,775364213,57.45,66057,150.88,10,1.74,33.38,2025-12-29T11:15:22.265809088Z,-178.78
98,9.98,850.6,-2.65,8.42,-4.65,157,-0.02,0,0,1.47,79,125053,129340643,775364213,57.58,66119,150.33,10,1.74,33.42,2025-12-29T11:15:25.351790222Z,-172.63
95,9.96,850.6,-2.6,8.38,-4.71,157,-0.01,0,0,1.47,75,125070,129340643,775364213,57.31,66080,151.04,10,1.74,33.38,2025-12-29T11:15:28.405304002Z,159.12
97,9.97,850.6,-2.67,8.37,-4.7,157,-0.02,0.01,0,1.47,74,125147,129340643,775364213,57.13,66080,150.43,10,1.74,33.38,2025-12-29T11:15:31.473614483Z,158.96
98,9.97,850.6,-2.66,8.41,-4.65,42,-0.02,0.01,0,1.47,71,125163,129340690,775364518,57.53,66141,150.21,10,1.07,33.42,2025-12-29T11:15:34.548591881Z,158.9
97,9.94,846.8,-2.61,8.36,-4.7,42,-0.01,0,0,1.32,72,125179,129340698,775364450,57.26,66168,150.97,11,0.76,33.47,2025-12-29T11:15:37.626258095Z,178.92
98,9.99,846.8,-2.61,8.43,-4.67,42,-0.01,0,0,1.32,79,125196,129340721,775364498,57.58,66172,150.78,11,0.26,33.38,2025-12-29T11:15:40.904344223Z,-178.93
98,9.95,847.2,-2.66,8.37,-4.69,42,-0.01,0,0,1.32,70,124669,129340708,775364531,57.21,65198,150.39,10,0.43,33.38,2025-12-29T11:15:44.183072082Z,-177.32
96,9.69,848.1,-3.1,8.5,-3.47,42,-0.01,0,0,1.32,79,124756,129340685,775364483,61.31,65274,138.26,11,0.43,33.38,2025-12-29T11:15:47.249165871Z,-179.37
97,9.8,848.1,-3.09,8.6,-3.52,42,-0.01,0,0,1.32,74,124752,129340685,775364483,61.43,65279,138.79,11,0.43,33.47,2025-12-29T11:15:50.368670362Z,166.46
96,9.77,848.1,-3.05,8.58,-3.53,42,-0.02,0.01,0.01,1.32,72,124717,129340685,775364483,61.47,65280,139.18,11,0.43,33.38,2025-12-29T11:15:53.406023019Z,162.76
95,9.8,848.1,-3.06,8.63,-3.51,42,-0.02,0,0,1.32,74,124776,129340685,775364483,61.65,65337,138.98,11,0.43,33.47,2025-12-29T11:15:56.483938773Z,177.61
98,9.8,848.1,-3,8.65,-3.5,42,-0.02,0.01,0,1.32,76,124769,129340561,775364351,61.96,65325,139.38,11,1.48,33.38,2025-12-29T11:15:59.54607234Z,157.77
96,9.81,848.1,-3.06,8.63,-3.53,42,-0.01,0.01,0.01,1.32,76,124791,129340536,775364453,61.56,65285,139.13,11,0.61,33.42,2025-12-29T11:16:02.615737378Z,158.93
98,9.72,846.6,-2.97,8.58,-3.45,42,-0.02,0,0,1.04,70,124830,129340600,775364756,62.05,65312,139.35,12,1.46,33.42,2025-12-29T11:16:05.684181693Z,162.79
96,9.78,847.6,-3.01,8.63,-3.48,42,-0.02,0,0,1.16,77,124775,129340595,775364885,61.92,65337,139.18,11,0.91,33.38,2025-12-29T11:16:08.755440602Z,171.42
96,9.75,848.5,-2.97,8.62,-3.46,42,-0.02,0,0,1.16,77,124775,129340601,775364858,62.14,65326,139.37,11,1.07,33.42,2025-12-29T11:16:11.823384892Z,174.63
98,9.75,847.2,-3.03,8.59,-3.47,42,-0.02,0,0.01,1.16,72,124718,129340551,775364825,61.81,65267,138.86,11,0.91,33.38,2025-12-29T11:16:14.898289057Z,169.35
96,9.75,846.9,-3.05,8.55,-3.56,42,-0.01,0,0.01,1.31,72,124700,129340543,775364808,61.24,65260,139.41,10,0.91,33.47,2025-12-29T11:16:17.971429146Z,175.71
98,9.84,847.1,-3.03,8.7,-3.47,42,-0.02,0,0,1.31,75,124694,129340558,775364495,62.06,65556,138.87,10,0.91,33.33,2025-12-29T11:16:21.042786601Z,164.71
97,9.86,847.1,-2.25,8.89,-3.61,42,-0.02,-0.01,0,1.31,75,124616,129340558,775364495,64.46,65529,148.06,10,0.91,33.38,2025-12-29T11:16:24.111966202Z,-154.03
98,9.83,847.1,-2.22,8.91,-3.52,42,-0.02,0.01,0.01,1.31,70,124601,129340558,775364495,64.95,65525,147.75,10,0.91,33.42,2025-12-29T11:16:27.195425845Z,160.25
96,9.8,847.1,-2.21,8.85,-3.59,42,-0.01,0,0,1.31,71,124589,129340558,775364495,64.54,65511,148.36,10,0.91,33.38,2025-12-29T11:16:30.328436669Z,-179.45
97,9.83,847.1,-2.22,8.87,-3.61,42,-0.01,0,0,1.31,77,124564,129340558,775364495,64.46,65515,148.42,10,0.91,33.42,2025-12-29T11:16:33.345543667Z,-177.27
97,9.8,847.1,-2.17,8.86,-3.58,42,-0.01,0,0.01,1.31,71,124618,129340558,775364495,64.7,65491,148.74,10,0.91,33.47,2025-12-29T11:16:36.405307871Z,169.85
97,9.83,847.1,-2.26,8.89,-3.51,42,-0.02,0.01,0,1.31,76,124676,129340558,775364495,64.85,65514,147.27,10,0.91,33.42,2025-12-29T11:16:39.476046339Z,162.14
98,9.81,847.1,-2.25,8.85,-3.59,69,-0.02,0.01,0.01,1.31,72,124684,129340685,775363736,64.41,65518,147.88,10,0.3,33.38,2025-12-29T11:16:42.542081511Z,152.2
98,9.79,847.1,-2.23,8.85,-3.53,69,-0.02,0,0,1.31,76,124646,129340713,775363710,64.75,65517,147.67,10,0.44,33.47,2025-12-29T11:16:45.822678437Z,163.88
97,9.77,852.6,-2.22,8.85,-3.51,69,-0.02,0.01,0.01,1.2,75,124773,129340698,775363740,64.87,65613,147.63,12,0.48,33.47,2025-12-29T11:16:48.914295049Z,147.5
98,9.71,852.7,-2.18,8.8,-3.48,69,-0.02,0,0.01,1.25,70,124779,129340695,775363743,64.97,65642,147.9,11,0.48,33.42,2025-12-29T11:16:51.960706581Z,-178.6
98,9.82,852.8,-2.28,8.85,-3.59,69,-0.02,0.01,0.01,1.25,78,124715,129340675,775363735,64.35,65563,147.54,11,0.48,33.38,2025-12-29T11:16:55.045008986Z,160.67
97,9.8,852.8,-2.19,8.87,-3.54,69,-0.02,0,0.01,1.25,74,124756,129340675,775363735,64.85,65543,148.23,11,0.48,33.38,2025-12-29T11:16:58.115931915Z,167.77
96,9.81,852.8,-2.26,8.88,-3.5,69,-0.02,0,0.01,1.25,77,124771,129340675,775363735,64.84,65543,147.09,11,0.48,33.42,2025-12-29T11:17:01.599549877Z,-175.95
97,9.74,852.8,-2.25,8.83,-3.44,69,-0.01,0,0,1.25,76,124795,129340675,775363735,65.04,65550,146.86,11,0.48,33.42,2025-12-29T11:17:04.674215765Z,166.39
97,9.82,853.1,-2.22,8.88,-3.56,69,-0.01,0,0,1.16,79,124815,129340788,775363550,64.7,65551,148.11,12,0.52,33.38,2025-12-29T11:17:07.728623216Z,178.36
96,9.85,853,-2.21,8.9,-3.6,69,-0.01,0,0,1.16,70,124812,129340780,775363645,64.6,65577,148.51,11,0.44,33.38,2025-12-29T11:17:10.818335261Z,169.14
96,9.85,852.8,-2.22,8.92,-3.53,69,-0.02,0,0,1.16,76,124739,129340765,775363731,64.93,65574,147.8,11,0.85,33.47,2025-12-29T11:17:13.88619094Z,172.55
96,9.83,852.6,-2.22,8.89,-3.57,69,-0.02,0,0,1.16,71,124758,129340776,775363686,64.71,65556,148.11,12,0.85,33.52,2025-12-29T11:17:17.006747058Z,173.23
97,9.8,852.7,-2.25,8.87,-3.52,69,-0.02,0,0,1.16,78,124797,129340733,775363736,64.8,65583,147.44,12,0.85,33.47,2025-12-29T11:17:20.104716593Z,166.79
96,9.73,852.7,-2.18,8.82,-3.49,69,-0.01,0,0,1.16,72,124789,129340733,775363736,64.97,65588,147.97,12,0.85,33.42,2025-12-29T11:17:23.112433673Z,174.13
98,9.82,852.7,-2.2,8.88,-3.57,69,-0.01,0,0,1.16,77,124773,129340733,775363736,64.73,65603,148.42,12,0.85,33.57,2025-12-29T11:17:26.176820612Z,-162.5
98,9.82,852.7,-2.19,8.89,-3.54,69,-0.01,0,0,1.16,75,124758,129340733,775363736,64.89,65593,148.27,12,0.85,33.57,2025-12-29T11:17:29.248718949Z,167.41
95,9.77,852.7,-2.13,8.84,-3.58,69,-0.02,0.01,0.01,1.16,72,124753,129340733,775363736,64.76,65585,149.32,12,0.85,33.42,2025-12-29T11:17:32.320377442Z,159.39
97,9.78,852.7,-2.22,8.88,-3.45,69,-0.02,0,0.01,1.16,74,124808,129340733,775363736,65.2,65576,147.25,12,0.85,33.52,2025-12-29T11:17:35.386142092Z,165.62
97,9.81,852.7,-2.26,8.87,-3.52,69,-0.01,0.01,0.01,1.16,75,124822,129340733,775363736,64.74,65575,147.31,12,0.85,33.47,2025-12-29T11:17:38.468930045Z,137.98
95,9.81,852.7,-2.22,8.88,-3.54,69,-0.01,0,0.01,1.16,74,124857,129340733,775363736,64.79,65618,147.88,12,0.85,33.57,2025-12-29T11:17:41.527205039Z,168.4
96,9.78,852.7,-2.22,8.84,-3.56,69,-0.02,0,0,1.16,79,124821,129340956,775364068,64.62,65625,148.09,12,0.43,33.52,2025-12-29T11:17:44.599478574Z,175.35
95,9.83,844.9,-2.26,8.86,-3.6,69,-0.01,0,0,1.16,70,124819,129340995,775364003,64.38,65616,147.91,12,0.3,33.61,2025-12-29T11:17:47.882192131Z,163.5
95,9.82,843.4,-2.19,8.86,-3.65,69,-0.02,0.01,0,1.16,76,124770,129341226,775363613,64.34,65611,149,12,1.35,33.52,2025-12-29T11:17:50.945690819Z,163.47
96,9.83,843.7,-2.26,8.83,-3.69,69,-0.01,0,0,1.04,74,124810,129341226,775363613,63.86,65647,148.47,12,1.35,33.57,2025-12-29T11:17:54.028074446Z,165.71
95,9.81,843.7,-2.13,8.88,-3.59,69,-0.02,0.01,0.01,1.04,75,124822,129341246,775363543,64.83,65662,149.33,12,1.35,33.57,2025-12-29T11:17:57.100694214Z,157.34
98,9.79,843.7,-2.18,8.87,-3.53,69,-0.02,0.01,0.01,1.04,73,124793,129341246,775363543,64.91,65675,148.37,12,1.35,33.47,2025-12-29T11:18:00.228177749Z,162.67
96,9.81,843.7,-2.18,8.88,-3.56,69,-0.02,0,0.01,1.04,72,124768,129341246,775363543,64.82,65645,148.53,12,1.35,33.52,2025-12-29T11:18:03.236095404Z,171.52
95,9.84,843.7,-2.17,8.91,-3.57,69,-0.01,0,0,1.04,72,124753,129341246,775363543,64.85,65600,148.72,12,1.35,33.57,2025-12-29T11:18:06.315734381Z,171.47
97,9.85,843.7,-2.2,8.94,-3.52,69,-0.01,0,0.01,1.04,76,124810,129341246,775363543,65.1,65628,148.04,12,1.35,33.61,2025-12-29T11:18:09.388741302Z,167.76
95,9.84,843.7,-2.17,8.9,-3.58,69,-0.01,0,0,1.04,78,123317,129341246,775363543,64.79,62558,148.76,12,1.35,33.52,2025-12-29T11:18:12.46132108Z,162.9
98,9.94,843.7,-2.17,8.84,-3.99,69,-0.02,0.01,0.01,1.04,77,126595,129341246,775363543,62.82,66916,151.49,12,1.35,33.57,2025-12-29T11:18:15.539497672Z,163.8
95,27.74,843.7,0.07,19.61,-19.61,69,-0.34,-1.31,-0.14,1.04,73,125620,129341225,775363590,45,66981,-179.79,12,1.2,33.61,2025-12-29T11:18:18.597155042Z,-104.37
95,10.18,843.6,-1.09,8.56,-5.41,69,-0.01,0,0,1.04,72,125249,129341190,775363616,57.2,66809,168.58,12,0.28,33.47,2025-12-29T11:18:21.669916121Z,-166.79
97,10.18,843.3,-1.11,8.55,-5.42,69,0.01,0.06,0,1.04,73,125177,129341165,775363631,57.09,66769,168.39,12,0.33,33.52,2025-12-29T11:18:24.745275126Z,82.44
95,10.19,843.9,-0.97,8.54,-5.48,69,-0.02,0,0.01,1.04,72,125219,129341113,775363688,56.92,66773,169.93,12,0.35,33.61,2025-12-29T11:18:27.817816948Z,166.68
97,10.12,844.7,-1.03,8.53,-5.34,69,-0.02,0,0.01,1.16,73,125325,129341056,775363700,57.44,66827,169.05,12,0.39,33.52,2025-12-29T11:18:30.897521088Z,172.28
95,10.17,845.4,-1.03,8.53,-5.44,69,-0.01,0.01,0,1.04,79,125342,129340971,775363768,57.02,66823,169.23,12,0.33,33.52,2025-12-29T11:18:33.968827543Z,154.75
96,10.12,845.4,-1.07,8.48,-5.42,69,-0.01,0.01,0.01,1.04,70,124617,129340971,775363768,56.91,65389,168.83,12,0.33,33.66,2025-12-29T11:18:37.033613224Z,148.43
98,9.92,846.3,-2.31,8.9,-3.73,69,0,-0.27,0.05,1.16,75,124545,129340890,775363828,63.77,65401,148.28,12,0.33,33.57,2025-12-29T11:18:40.178683072Z,-90.86
97,9.89,846.3,-1.95,8.99,-3.62,69,-0.01,0,0.01,1.16,72,124596,129340890,775363828,65.4,65335,151.66,12,0.33,33.57,2025-12-29T11:18:43.17054884Z,169.7
98,9.82,846.3,-2.03,8.95,-3.49,69,-0.02,0,0.01,1.16,76,124526,129340890,775363828,65.73,65338,149.88,12,0.33,33.75,2025-12-29T11:18:46.251021975Z,166.9
95,9.83,846.3,-2.06,8.94,-3.53,69,-0.02,0.01,0,1.16,72,124557,129340890,775363828,65.43,65343,149.68,12,0.33,33.66,2025-12-29T11:18:49.53231628Z,163.5
96,9.83,846.3,-2.05,8.95,-3.5,69,-0.02,0,0,1.16,73,124621,129340890,775363828,65.61,65378,149.59,12,0.33,33.57,2025-12-29T11:18:52.590285369Z,175.95
95,9.76,847.4,-2.03,8.9,-3.45,69,-0.02,0,0,1.29,78,124607,129340706,775363893,65.77,65396,149.62,12,0.61,33.71,2025-12-29T11:18:55.667794438Z,176.49
97,9.86,847.9,-1.99,8.95,-3.63,69,-0.01,0,0.01,1.14,75,124685,129340673,775363900,65.19,65422,151.27,12,0.19,33.61,2025-12-29T11:18:58.748016469Z,177.82
98,9.81,848.3,-1.99,8.93,-3.52,69,-0.01,0,0,1.14,74,124672,129340663,775363878,65.61,65419,150.49,12,0.22,33.61,2025-12-29T11:19:01.809681465Z,167.31
96,9.8,849.2,-2.04,8.9,-3.55,69,-0.02,0.01,0,1.14,71,124683,129340610,775363914,65.3,65390,150.11,12,0.57,33.61,2025-12-29T11:19:04.90502984Z,157.31
97,9.8,849.7,-2.03,8.86,-3.64,69,-0.01,0,0,1.14,70,124719,129340568,775363986,64.8,65402,150.88,11,0.56,33.66,2025-12-29T11:19:07.970425362Z,169.03
98,9.86,850.2,-2.02,8.96,-3.57,69,-0.01,0,0,1.14,72,124726,129340534,775363945,65.39,65406,150.55,11,0.56,33.66,2025-12-29T11:19:11.032734416Z,163.11
96,9.84,850.6,-2.05,8.93,-3.57,69,-0.01,0,0,1.29,77,124774,129340503,775363963,65.23,65433,150.11,10,0.56,33.57,2025-12-29T11:19:14.097451969Z,167.35
97,9.8,850.6,-1.99,8.93,-3.53,69,-0.02,0,0.01,1.29,70,125529,129340503,775363963,65.6,66826,150.57,10,0.56,33.66,2025-12-29T11:19:17.180779114Z,169.18
96,10.06,850.6,-1.25,8.54,-5.17,69,-0.01,0.01,0,1.29,71,125507,129340503,775363963,58.11,66814,166.4,10,0.56,33.71,2025-12-29T11:19:20.523760084Z,134.58
96,10.11,850.6,-1.21,8.58,-5.21,69,-0.01,0,0.01,1.29,78,125441,129340503,775363963,58.07,66749,166.88,10,0.56,33.61,2025-12-29T11:19:23.752038997Z,-179.08
97,10.14,850.6,-1.25,8.6,-5.22,69,-0.02,0,0.01,1.29,70,125458,129340465,775363981,58.02,66747,166.49,10,0.22,33.66,2025-12-29T11:19:27.420121122Z,-172.57
95,10.13,850.6,-1.26,8.57,-5.24,69,-0.02,0,0,1.29,72,125437,129340478,775363940,57.83,66795,166.44,12,0.22,33.75,2025-12-29T11:19:30.694789636Z,-172.41
