#group,false,false,false,false,false,false,false,false,false,false,false,false,false,false,false,false,false,false,false,false,false,false,false
#datatype,double,double,double,double,double,double,double,double,double,double,double,double,long,double,double,double,long,double,long,double,double,dateTime:RFC3339,double
#default,,,,,,,,,,,,,,,,,,,,,,,
,SpO2,acc_magnitude,alt,ax,ay,az,course,gx,gy,gz,hdop,heart_rate,ir,lat,lon,pitch,red,roll,sats,speed,temp,time,yaw
,98,11.29,851.2,4.21,1.69,-10.33,73.35,-0.01,0.06,-0.08,1.18,79,127075,12.93,77.54,8.59,67103,-157.83,7,0.28,31.59,2025-12-29T08:22:22.388954538Z,100.05
,95,11.26,851.2,4.07,1.76,-10.35,73.35,-0.01,0,-0,1.18,71,127042,12.93,77.54,9.01,67109,-158.53,7,0.28,31.59,2025-12-29T08:22:25.241148785Z,177.14
,97,11.13,851.2,3.91,1.85,-10.26,73.35,0,-0,-0.01,1.18,70,127100,12.93,77.54,9.57,67153,-159.15,7,0.28,31.64,2025-12-29T08:22:27.306152227Z,-26.57
,96,11.25,851.2,3.99,1.81,-10.36,73.35,-0.01,0,0,1.18,78,127142,12.93,77.54,9.27,67144,-158.94,7,0.28,31.68,2025-12-29T08:22:29.345661758Z,168.42
,98,11.3,851.2,4.05,1.78,-10.4,73.35,-0.02,0.02,-0.01,1.18,77,127110,12.93,77.54,9.06,67142,-158.74,7,0.28,31.64,2025-12-29T08:22:31.391477914Z,137.12
,97,11.29,851.2,3.97,1.81,-10.41,73.35,-0.01,0,0.01,1.18,73,127080,12.93,77.54,9.24,67132,-159.12,7,0.28,31.68,2025-12-29T08:22:33.432448908Z,176.22
,95,11.16,851.2,3.98,1.82,-10.26,73.35,-0.02,0.01,0,1.18,76,127103,12.93,77.54,9.41,67169,-158.8,7,0.28,31.68,2025-12-29T08:22:35.477611479Z,150.26
,98,11.3,851.2,4.14,1.76,-10.36,73.35,-0.01,0,0.02,1.18,78,127074,12.93,77.54,8.96,67136,-158.2,7,0.54,31.59,2025-12-29T08:22:37.534789817Z,167.53
,95,11.24,851.2,4.04,1.85,-10.32,73.35,-0.02,0.01,0.01,1.18,73,127080,12.93,77.54,9.47,67096,-158.61,7,1.13,31.64,2025-12-29T08:22:39.587051228Z,166.11
,96,11.14,846.6,3.99,1.73,-10.26,73.35,-0.02,0.02,-0,1.18,79,127111,12.93,77.54,8.93,67104,-158.75,7,0.85,31.64,2025-12-29T08:22:41.624975227Z,138.29
,98,11.28,846.9,4.02,1.73,-10.4,73.35,-0.02,-0.01,0.01,1.18,78,127114,12.93,77.54,8.81,67156,-158.86,7,0.19,31.64,2025-12-29T08:22:43.679574011Z,-153.61
,97,11.27,847.7,4.04,1.78,-10.37,73.35,-0.02,0.02,0,1.18,71,127076,12.93,77.54,9.08,67145,-158.69,7,0.76,31.68,2025-12-29T08:22:45.729499518Z,137.2
,97,11.21,848.3,4.01,1.81,-10.31,73.35,-0.02,-0,0.01,1.18,77,127051,12.93,77.54,9.29,67090,-158.78,7,0.26,31.73,2025-12-29T08:22:47.767817859Z,-179.54
,98,11.19,848.8,4.02,1.78,-10.3,73.35,-0.02,0.01,0,1.18,73,127099,12.93,77.54,9.16,67146,-158.67,7,0.13,31.68,2025-12-29T08:22:50.097387759Z,158.5
,96,11.22,849.4,3.99,1.8,-10.33,73.35,-0.03,0.02,0.01,1.18,72,127099,12.93,77.54,9.21,67117,-158.86,7,0.65,31.64,2025-12-29T08:22:52.276081316Z,152.4
,98,11.17,849.4,4.02,1.75,-10.27,73.35,-0.02,0,0.01,1.18,75,127038,12.93,77.54,9.02,67128,-158.64,7,0.65,31.73,2025-12-29T08:22:54.332181513Z,172.67
,98,11.17,849.4,3.99,1.73,-10.29,73.35,-0.01,-0,0.01,1.18,74,127021,12.93,77.54,8.91,67125,-158.8,7,0.65,31.78,2025-12-29T08:22:56.370070692Z,-156.37
,96,11.26,849.4,3.98,1.8,-10.38,73.35,-0.02,0.01,0,1.18,77,127131,12.93,77.54,9.18,67116,-159.02,7,0.65,31.78,2025-12-29T08:22:58.422684517Z,149.34
,95,11.24,849.4,4.01,1.77,-10.35,73.35,-0.01,-0,0,1.18,70,127315,12.93,77.54,9.08,67164,-158.83,7,0.65,31.59,2025-12-29T08:23:00.49130122Z,-164.55
,96,11.23,849.4,4.01,1.78,-10.33,73.35,-0.01,0.01,0,1.18,74,127246,12.93,77.54,9.13,67147,-158.77,7,1.37,31.73,2025-12-29T08:23:02.51639212Z,154.13
,96,11.17,849.4,4.02,1.73,-10.28,73.35,-0.02,0.01,0,1.18,74,127116,12.93,77.54,8.93,67021,-158.61,7,0.74,31.73,2025-12-29T08:23:04.574915955Z,161.03
,98,11.26,852.8,4,1.77,-10.37,73.35,-0.01,-0,0.01,1.18,76,127107,12.93,77.54,9.04,67436,-158.91,7,2.02,31.78,2025-12-29T08:23:06.618612889Z,-169.01
,95,10.95,852.9,2.65,1.95,-10.44,73.35,-0.13,-0.09,0.04,1.18,78,126631,12.93,77.54,10.27,70830,-165.77,7,1.07,31.73,2025-12-29T08:23:08.659190507Z,-145.36
,95,10.76,853.1,3.55,6.97,-7.39,73.35,-0.24,0.16,0.15,1.18,70,126297,12.93,77.54,40.36,70602,-154.37,7,0.67,31.68,2025-12-29T08:23:10.720169091Z,145.03
,97,10.6,852.6,4.27,7.32,-6.37,73.35,-0.04,0,0.03,1.18,71,126246,12.93,77.54,43.67,70561,-146.14,7,0.31,31.68,2025-12-29T08:23:12.756695276Z,175.22
,97,10.43,852,3.66,7.21,-6.6,73.35,0.02,0.11,-0.02,1.24,77,126092,12.93,77.54,43.69,70407,-150.95,6,1.24,31.82,2025-12-29T08:23:14.808913337Z,81.02
,96,10.62,852.4,4.25,7.36,-6.36,73.35,-0.02,0.01,0,1.18,70,125980,12.93,77.54,43.92,70364,-146.24,7,1.37,31.73,2025-12-29T08:23:16.850280763Z,146.31
,95,10.64,852.5,4.32,7.31,-6.41,73.35,-0.02,0.01,0.01,1.18,71,125970,12.93,77.54,43.39,70319,-146.02,7,0.39,31.78,2025-12-29T08:23:18.900277033Z,164.11
,95,10.59,853,4.28,7.38,-6.28,73.35,-0,-0.01,-0.01,1.18,72,125927,12.93,77.54,44.17,70286,-145.7,7,0.39,31.82,2025-12-29T08:23:20.951593555Z,-126.67
,96,10.61,853.1,4.25,7.35,-6.35,73.35,-0.02,-0,0.01,1.69,72,127407,12.93,77.54,43.89,70989,-146.18,6,1.06,31.64,2025-12-29T08:23:22.996422419Z,-178.11
,98,11.23,853.1,0.11,4.35,-10.35,73.35,0.26,-0.08,0.14,1.18,78,127671,12.93,77.54,22.77,70802,-179.36,7,1.06,31.78,2025-12-29T08:23:25.047101333Z,-16.54
,96,11.69,853.1,3.73,1.87,-10.92,73.35,-0.32,-0.44,-0.24,1.18,79,126483,12.93,77.54,9.22,69312,-161.11,7,1.06,31.73,2025-12-29T08:23:27.100089355Z,-125.86
,96,11.66,853.1,4.36,10.44,-2.83,73.35,0.07,0.46,0.36,1.18,79,126650,12.93,77.54,63.52,69047,-122.95,7,1.06,31.78,2025-12-29T08:23:29.357191381Z,81.87
,95,10.29,853.1,0.65,8.66,-5.5,73.35,-0.27,0.02,-0.04,1.18,74,126126,12.93,77.54,57.39,68780,-173.23,7,1.06,31.87,2025-12-29T08:23:31.407280987Z,176.75
,95,10.07,853.1,1.85,9.13,-3.82,73.35,-0.2,-0.02,0.07,1.18,71,126023,12.93,77.54,65.07,68725,-154.1,7,1.06,31.78,2025-12-29T08:23:33.658350071Z,-173.13
,95,10.25,853.1,1.21,9.15,-4.46,73.35,0.01,0.22,0.01,1.18,72,125725,12.93,77.54,63.22,68554,-164.85,7,1.3,31.82,2025-12-29T08:23:35.916894058Z,87.49
,98,10.36,851.1,1.45,9.3,-4.32,73.35,-0.04,0.04,0.03,1.18,73,125500,12.93,77.54,63.88,68489,-161.48,7,1.3,31.73,2025-12-29T08:23:38.798241648Z,133.91
,96,10.09,851.1,1.3,9.02,-4.33,73.35,-0.01,0.04,-0.02,1.18,72,125254,12.93,77.54,63.39,68259,-163.32,7,1.3,31.78,2025-12-29T08:23:41.672899833Z,102.57
,95,10.06,851.1,1.3,9.03,-4.25,73.35,-0.02,-0,-0,1.18,76,125097,12.93,77.54,63.78,68116,-162.96,7,1.3,31.82,2025-12-29T08:23:44.100014742Z,-167.37
,96,10.08,851.1,1.32,9.05,-4.23,73.35,-0.02,0.01,0,2.51,78,124978,12.93,77.54,63.91,68027,-162.65,6,1.3,31.78,2025-12-29T08:23:46.957362836Z,163.89
,95,10.32,851.1,1.29,9.3,-4.29,73.35,-0.01,-0.02,0.01,2.51,78,124859,12.93,77.54,64.29,67959,-163.25,6,1.3,31.78,2025-12-29T08:23:49.218274633Z,-114.93
,96,10.11,851.1,1.29,9.11,-4.2,73.35,-0.01,0,0,2.51,78,124816,12.93,77.54,64.28,67950,-162.97,6,1.3,31.73,2025-12-29T08:23:51.88962055Z,178.09
,98,10.16,851.1,1.24,9.15,-4.24,73.35,-0.01,0,0,2.51,77,124793,12.93,77.54,64.24,67886,-163.62,6,1.09,31.82,2025-12-29T08:23:54.34787476Z,155.22
,96,10.1,851.1,1.24,9.11,-4.17,73.35,-0.01,0,-0,2.51,78,124756,12.93,77.54,64.48,67876,-163.41,6,1.09,31.82,2025-12-29T08:23:57.015188119Z,162.73
,95,10.11,849.8,1.26,9.11,-4.2,73.35,-0.01,-0,-0,2.51,76,124706,12.93,77.54,64.27,67847,-163.35,6,0.15,31.73,2025-12-29T08:23:59.275121341Z,-169.77
,96,10.05,849.8,1.26,9.07,-4.14,73.35,-0.01,0,-0,2.51,77,124663,12.93,77.54,64.5,67831,-163.04,6,0.15,31.73,2025-12-29T08:24:02.191260519Z,173.26
,95,10.09,849.8,1.32,9.11,-4.14,73.35,-0.01,0,0,2.51,71,124622,12.93,77.54,64.49,67823,-162.32,6,0.41,31.78,2025-12-29T08:24:04.580191488Z,175.46
,95,10.11,849.8,1.22,9.11,-4.22,73.35,-0.01,0.01,0.01,2.51,77,124568,12.93,77.54,64.28,67750,-163.91,6,0.41,31.68,2025-12-29T08:24:07.254649545Z,159
,97,10.12,847.9,1.21,9.13,-4.2,73.35,-0.02,0.01,0,2.51,71,124554,12.93,77.54,64.4,67769,-163.96,6,0.54,31.78,2025-12-29T08:24:09.497234223Z,158.87
,95,10.1,847.9,1.21,9.13,-4.15,73.35,-0.01,0,-0,2.51,76,124484,12.93,77.54,64.68,67702,-163.78,6,0.54,31.82,2025-12-29T08:24:12.369302864Z,177.93
,95,10.12,847,1.23,9.15,-4.13,73.35,-0.02,-0,0,2.51,72,124494,12.93,77.54,64.78,67703,-163.45,6,1.89,31.73,2025-12-29T08:24:15.240747125Z,-168.69
,95,10.03,846.4,1.1,9.05,-4.19,73.35,-0.01,0,0,2.51,79,124473,12.93,77.54,64.43,67683,-165.23,6,0.98,31.82,2025-12-29T08:24:17.490152368Z,164.05
,96,10.23,846.4,1.17,9.23,-4.25,73.35,-0.02,-0.02,-0,2.51,73,124512,12.93,77.54,64.47,67716,-164.63,6,0.98,31.78,2025-12-29T08:24:19.941164798Z,-139.2
,97,10.02,845.1,1.15,9.05,-4.15,73.35,-0.01,0,0.02,3.5,77,124470,12.93,77.54,64.57,67652,-164.48,5,1.06,31.73,2025-12-29T08:24:22.616734095Z,178.7
,97,10.02,845.1,1.15,9.09,-4.07,73.35,-0.01,0.01,0.01,3.5,74,124446,12.93,77.54,65.03,67693,-164.17,5,1.06,31.87,2025-12-29T08:24:25.068050001Z,138.76
,96,10.1,841.5,1.27,9.11,-4.18,117.6,-0.01,0.01,0,3.17,71,124407,12.93,77.54,64.38,67553,-163.11,6,2.13,31.73,2025-12-29T08:24:52.921543137Z,154.92
,95,10.16,841.5,1.3,9.17,-4.18,117.6,-0.01,0,0.01,3.17,73,124374,12.93,77.54,64.47,67531,-162.76,6,2.13,31.87,2025-12-29T08:24:56.810376613Z,163.9
,96,10.14,841.5,1.23,9.14,-4.21,117.6,-0.02,0,0,3.17,72,124392,12.93,77.54,64.37,67561,-163.73,6,2.13,31.87,2025-12-29T08:25:00.71230699Z,172.44
,96,10.08,841.5,1.22,9.12,-4.12,117.6,-0.01,0,-0,3.17,78,124353,12.93,77.54,64.78,67535,-163.45,6,2.13,31.73,2025-12-29T08:25:04.378356702Z,174.75
,96,10.14,842.8,1.25,9.13,-4.23,117.6,-0.01,-0,-0,3.18,73,124314,12.93,77.54,64.2,67493,-163.58,6,2.13,31.73,2025-12-29T08:25:07.674603433Z,-179.49
,97,10.12,842.8,1.25,9.18,-4.09,117.6,-0.02,-0,0,3.18,77,124291,12.93,77.54,65.03,67508,-163.03,6,2.13,31.82,2025-12-29T08:25:11.587103624Z,-177.53
,96,10.11,843.1,1.31,9.15,-4.09,117.6,-0.02,0,0,3.18,73,124309,12.93,77.54,64.85,67518,-162.22,6,2.13,31.82,2025-12-29T08:25:15.053080785Z,169.44
,95,10.12,843.4,1.25,9.13,-4.18,117.6,-0.02,0,0,2.42,72,124284,12.93,77.54,64.44,67460,-163.33,7,0.65,31.92,2025-12-29T08:25:18.511371637Z,169.73
,96,10.09,843.4,1.19,9.09,-4.21,117.6,-0.02,0.01,0.01,2.42,74,124284,12.93,77.54,64.28,67477,-164.26,7,0.65,31.87,2025-12-29T08:25:21.800716295Z,164
,97,10.13,844.6,1.29,9.16,-4.12,117.6,-0.01,0,0,3.19,71,124253,12.93,77.54,64.8,67451,-162.62,6,0.41,31.78,2025-12-29T08:25:25.6900435Z,162.97
,97,10.15,844.6,1.26,9.18,-4.15,117.6,-0.02,0,-0,3.19,74,124177,12.93,77.54,64.71,67441,-163.06,6,0.41,31.73,2025-12-29T08:25:29.182144817Z,172.57
,96,10.14,845.2,1.31,9.19,-4.08,117.6,-0.02,0.01,-0.01,3.2,78,124215,12.93,77.54,65,67458,-162.14,6,0.41,31.73,2025-12-29T08:25:32.650375137Z,147.93
,98,10.14,845.2,1.21,9.16,-4.18,117.6,-0.01,-0,0.01,3.2,78,124191,12.93,77.54,64.6,67453,-163.82,6,0.41,31.82,2025-12-29T08:25:36.130373563Z,-167.55
,98,10.09,846.9,1.16,9.13,-4.12,117.6,-0.02,-0.01,-0.01,1.69,76,124203,12.93,77.54,64.89,67468,-164.32,7,0.41,31.73,2025-12-29T08:25:39.842135386Z,-151.22
,96,10.05,846.9,1.27,9.11,-4.05,117.6,-0.02,0.01,0,1.69,77,124171,12.93,77.54,65.03,67434,-162.63,7,0.41,31.82,2025-12-29T08:25:43.085156869Z,153.43
,97,10.07,847,1.16,9.12,-4.11,0,-0.01,-0,0.01,3.21,70,124164,12.93,77.54,64.92,67437,-164.18,6,0.46,31.82,2025-12-29T08:25:46.791619909Z,-176.57
,97,10.04,847,1.25,9.11,-4.03,0,-0.02,0,0,3.21,76,124131,12.93,77.54,65.11,67438,-162.73,6,0.46,31.78,2025-12-29T08:25:50.551112049Z,176.25
,96,10.13,847,1.26,9.14,-4.18,0,-0.01,-0,-0,3.21,78,124175,12.93,77.54,64.45,67443,-163.27,6,0.46,31.82,2025-12-29T08:25:54.775727915Z,-174.43
,98,10.12,847.9,1.25,9.16,-4.11,0,-0.01,0,0,1.69,71,124107,12.93,77.54,64.88,67400,-163.09,7,0.93,31.82,2025-12-29T08:25:58.47701288Z,160.99
,97,10.12,849.3,1.26,9.14,-4.14,0,-0.01,-0,0,1.69,70,124071,12.93,77.54,64.64,67437,-163.04,7,0.28,31.82,2025-12-29T08:26:02.146394435Z,-178.21
,95,10.1,849.3,1.26,9.13,-4.11,0,-0.02,0,-0,1.69,73,124070,12.93,77.54,64.78,67450,-162.95,7,0.22,31.87,2025-12-29T08:26:06.0287971Z,177.68
,96,10.12,849.3,1.26,9.16,-4.11,0,-0.01,0,-0,1.69,72,124123,12.93,77.54,64.84,67463,-163.01,7,0.22,31.82,2025-12-29T08:26:09.614573858Z,170.75
,95,10.1,849.3,1.22,9.12,-4.16,0,-0.01,0,0,1.69,78,124144,12.93,77.54,64.59,67395,-163.67,7,0.22,31.82,2025-12-29T08:26:13.010450339Z,161.57
,96,10.15,852,1.21,9.19,-4.13,0,-0.01,0,-0,1.69,75,124135,12.93,77.54,64.89,67384,-163.69,7,1.15,31.78,2025-12-29T08:26:16.28339858Z,173.73
,98,10.11,852,1.23,9.1,-4.23,0,-0.02,0,0,1.69,75,124133,12.93,77.54,64.17,67407,-163.75,7,1.15,31.87,2025-12-29T08:26:19.551592771Z,163.74
,95,10.09,852,1.22,9.14,-4.11,0,-0.01,0,0,1.69,77,124090,12.93,77.54,64.87,67406,-163.42,7,1.15,31.78,2025-12-29T08:26:23.246470494Z,171.72
,97,10.08,850.9,1.21,9.14,-4.08,0,-0.01,0.01,-0,1.37,70,124075,12.93,77.54,65.03,67388,-163.42,7,0.69,31.87,2025-12-29T08:26:26.919803486Z,153.89
