time,SpO2,acc_magnitude,alt,ax,ay,az,course,gx,gy,gz,hdop,heart_rate,ir,lat_scaled,lon_scaled,pitch,red,roll,sats,speed,temp,yaw
2025-12-29 08:57:30.293214+00:00,97.0,11.17,0.0,-1.79,-2.05,-10.83,0.0,-0.04,0.03,-0.02,0.0,70.0,126823.0,129.341288,775.364791,-10.57,68448.0,170.63,0.0,1.06,32.72,145.7
2025-12-29 08:57:33.894563+00:00,96.0,11.17,845.5,-1.72,-2.03,-10.85,0.0,-0.03,0.02,-0.01,1.23,77.0,126953.0,129.341243,775.364755,-10.47,68431.0,170.98,9.0,0.2,32.62,146.72
2025-12-29 08:57:37.563659+00:00,98.0,11.09,844.9,-2.67,-2.14,-10.55,0.0,-0.02,0.13,-0.04,1.23,77.0,126841.0,129.341285,775.364748,-11.14,68367.0,165.79,9.0,0.5,32.77,100.45
2025-12-29 08:57:41.465206+00:00,96.0,11.04,844.9,-1.27,-1.95,-10.79,0.0,-0.0,0.01,0.0,1.23,75.0,126826.0,129.341285,775.364748,-10.17,68259.0,173.31,9.0,0.5,32.67,97.39
2025-12-29 08:57:44.963716+00:00,96.0,11.05,844.9,-1.95,-2.03,-10.68,0.0,-0.02,0.0,0.0,1.23,71.0,127411.0,129.341285,775.364748,-10.59,68470.0,169.63,9.0,0.5,32.67,170.54
2025-12-29 08:57:48.624186+00:00,97.0,11.04,841.8,-2.11,-2.07,-10.64,0.0,-0.02,-0.03,0.02,1.23,71.0,127804.0,129.341475,775.364691,-10.78,68547.0,168.76,9.0,0.33,32.62,-124.37
2025-12-29 08:57:52.126962+00:00,98.0,11.11,841.8,-2.25,-2.14,-10.67,0.0,-0.01,0.01,0.0,1.23,71.0,127653.0,129.341475,775.364691,-11.12,68504.0,168.07,9.0,0.33,32.81,158.4
2025-12-29 08:57:55.791198+00:00,97.0,11.1,842.8,-2.18,-2.12,-10.68,0.0,-0.02,0.0,0.0,1.23,73.0,127572.0,129.34141,775.364586,-11.01,68476.0,168.48,9.0,0.61,32.62,169.56
2025-12-29 08:57:59.472885+00:00,96.0,11.11,842.8,-2.22,-2.07,-10.69,0.0,-0.02,0.0,0.0,1.23,77.0,127507.0,129.34141,775.364586,-10.75,68463.0,168.28,9.0,0.61,32.72,169.96
2025-12-29 08:58:03.171428+00:00,95.0,11.13,842.6,-2.22,-2.17,-10.69,0.0,-0.01,0.0,0.0,1.23,73.0,127619.0,129.341414,775.36455,-11.25,68424.0,168.24,9.0,0.11,32.67,167.12
2025-12-29 08:58:07.070934+00:00,97.0,11.05,842.8,-2.02,-2.25,-10.62,0.0,-0.01,0.02,0.0,1.23,79.0,128007.0,129.34139,775.364511,-11.77,68411.0,169.24,9.0,0.35,32.67,130.09
2025-12-29 08:58:10.965609+00:00,97.0,10.93,842.8,-1.37,-2.13,-10.63,0.0,-0.03,0.05,-0.01,1.23,75.0,128226.0,129.34139,775.364511,-11.25,68456.0,172.66,9.0,0.35,32.67,122.78
2025-12-29 08:58:14.876865+00:00,96.0,11.04,842.8,-1.99,-2.25,-10.62,0.0,-0.01,-0.0,0.01,1.23,76.0,127987.0,129.34139,775.364511,-11.78,68336.0,169.38,9.0,0.35,32.67,-176.42
2025-12-29 08:58:18.530141+00:00,96.0,11.07,842.8,-2.0,-2.22,-10.66,0.0,-0.02,0.0,0.0,1.23,73.0,127949.0,129.34139,775.364511,-11.58,68281.0,169.37,9.0,0.35,32.77,168.96
2025-12-29 08:58:22.415160+00:00,95.0,11.14,842.8,-2.03,-2.28,-10.72,0.0,-0.02,0.0,0.0,1.23,73.0,127930.0,129.34139,775.364511,-11.8,68294.0,169.28,9.0,0.35,32.67,175.83
2025-12-29 08:58:26.522258+00:00,97.0,11.03,846.1,-2.03,-2.27,-10.6,0.0,-0.01,0.01,0.01,1.23,75.0,127849.0,129.34116,775.364376,-11.89,68240.0,169.18,9.0,0.35,32.67,147.65
2025-12-29 08:58:30.247746+00:00,98.0,11.06,847.2,-2.1,-2.18,-10.64,0.0,-0.01,0.0,0.0,1.23,76.0,127820.0,129.3411,775.36436,-11.37,68206.0,168.82,9.0,0.17,32.67,171.95
2025-12-29 08:58:33.899996+00:00,95.0,11.02,847.2,-2.06,-2.23,-10.6,0.0,-0.02,0.01,0.0,1.23,75.0,127704.0,129.341085,775.364385,-11.67,68113.0,169.0,9.0,0.33,32.72,148.32
2025-12-29 08:58:37.572151+00:00,97.0,11.05,847.2,-2.0,-2.25,-10.63,0.0,-0.02,0.01,-0.0,1.23,70.0,127756.0,129.34103,775.364401,-11.74,68156.0,169.32,9.0,0.09,32.72,143.37
2025-12-29 08:58:40.888772+00:00,97.0,11.02,847.2,-2.02,-2.27,-10.59,0.0,-0.02,0.01,0.0,1.23,75.0,127617.0,129.34103,775.364401,-11.91,68091.0,169.19,9.0,0.09,32.72,154.75
2025-12-29 08:58:44.124172+00:00,95.0,11.02,849.6,-2.08,-2.24,-10.58,0.0,-0.01,0.01,0.0,1.23,76.0,127755.0,129.340976,775.364421,-11.71,68179.0,168.89,9.0,0.19,32.77,153.43
2025-12-29 08:58:47.189302+00:00,95.0,11.09,850.0,-2.04,-2.29,-10.66,0.0,-0.02,0.0,0.0,1.23,70.0,127814.0,129.340948,775.364398,-11.92,68365.0,169.18,9.0,0.19,32.81,163.74
2025-12-29 08:58:50.329888+00:00,97.0,11.12,850.0,-1.97,-2.3,-10.7,0.0,-0.01,-0.0,0.0,1.23,76.0,127699.0,129.340948,775.364398,-11.93,68187.0,169.58,9.0,0.19,32.72,-173.4
2025-12-29 08:58:53.340946+00:00,95.0,10.96,850.0,-2.07,-2.27,-10.52,0.0,-0.02,-0.0,0.0,1.23,78.0,127676.0,129.340948,775.364398,-11.94,68183.0,168.89,9.0,0.19,32.58,-179.01
2025-12-29 08:58:56.401697+00:00,98.0,11.17,850.0,-2.06,-2.29,-10.74,0.0,-0.02,0.01,0.0,1.23,78.0,127610.0,129.340948,775.364398,-11.83,68173.0,169.14,9.0,0.19,32.72,160.53
2025-12-29 08:58:59.485185+00:00,98.0,11.01,850.0,-2.04,-2.26,-10.58,0.0,-0.01,-0.01,0.0,1.23,75.0,127745.0,129.340948,775.364398,-11.82,68231.0,169.09,9.0,0.19,32.67,-159.33
2025-12-29 08:59:02.550618+00:00,97.0,11.03,850.0,-2.1,-2.28,-10.59,0.0,-0.02,0.02,0.0,1.23,76.0,127689.0,129.340906,775.364366,-11.91,68210.0,168.78,9.0,0.35,32.81,129.93
2025-12-29 08:59:05.624305+00:00,96.0,11.04,850.0,-2.02,-2.26,-10.61,0.0,-0.02,-0.0,0.0,1.23,75.0,127626.0,129.34093,775.364368,-11.84,68155.0,169.21,9.0,0.39,32.72,-175.17
2025-12-29 08:59:08.693063+00:00,97.0,11.08,850.5,-2.05,-2.25,-10.65,0.0,-0.02,0.0,0.0,1.23,74.0,127744.0,129.340925,775.364353,-11.72,68188.0,169.11,9.0,0.07,32.72,175.67
2025-12-29 08:59:11.759622+00:00,98.0,10.99,850.4,-2.09,-2.21,-10.56,0.0,-0.02,0.0,-0.0,1.23,79.0,127775.0,129.340933,775.364364,-11.63,68157.0,168.83,9.0,0.19,32.72,176.74
2025-12-29 08:59:14.835288+00:00,98.0,11.08,851.0,-2.03,-2.25,-10.66,0.0,-0.02,0.01,0.0,1.23,75.0,127647.0,129.340891,775.364381,-11.72,68109.0,169.23,9.0,0.33,32.72,151.07
2025-12-29 08:59:17.911608+00:00,96.0,11.11,851.0,-2.06,-2.26,-10.68,0.0,-0.01,-0.0,0.0,1.23,73.0,127694.0,129.3409,775.36439,-11.72,68118.0,169.07,9.0,0.09,32.72,-178.25
2025-12-29 08:59:20.992202+00:00,97.0,11.05,850.7,-2.09,-2.28,-10.61,0.0,-0.02,0.01,0.0,1.23,74.0,127646.0,129.340936,775.364385,-11.89,68098.0,168.88,9.0,0.13,32.62,159.63
2025-12-29 08:59:24.055094+00:00,97.0,11.08,850.2,-2.07,-2.23,-10.65,0.0,-0.02,0.0,0.0,1.23,70.0,127558.0,129.340983,775.364386,-11.61,68095.0,169.01,9.0,0.13,32.72,168.95
2025-12-29 08:59:27.124273+00:00,96.0,11.0,850.2,-2.06,-2.23,-10.57,0.0,-0.02,0.0,0.01,1.23,79.0,127597.0,129.340983,775.364386,-11.68,68112.0,168.99,9.0,0.13,32.67,173.1
2025-12-29 08:59:30.465342+00:00,98.0,11.03,850.2,-2.1,-2.22,-10.6,0.0,-0.02,0.0,0.0,1.23,72.0,127576.0,129.340983,775.364386,-11.62,68143.0,168.79,9.0,0.13,32.67,163.56
2025-12-29 08:59:33.474895+00:00,96.0,11.05,850.2,-2.06,-2.24,-10.62,0.0,-0.01,0.0,0.0,1.23,71.0,127522.0,129.340983,775.364386,-11.69,68090.0,169.03,9.0,0.13,32.62,176.42
2025-12-29 08:59:36.544993+00:00,97.0,11.14,850.2,-2.15,-2.26,-10.69,0.0,-0.02,0.0,0.0,1.23,71.0,127452.0,129.341005,775.364276,-11.71,68074.0,168.66,9.0,0.28,32.77,177.1
2025-12-29 08:59:39.636848+00:00,96.0,11.12,850.2,-2.01,-2.28,-10.69,0.0,-0.02,0.0,0.0,1.23,70.0,127587.0,129.341051,775.364246,-11.83,68093.0,169.37,9.0,0.15,32.67,171.44
2025-12-29 08:59:42.683490+00:00,97.0,11.04,848.9,-2.07,-2.24,-10.61,0.0,-0.02,0.01,0.0,1.24,70.0,127636.0,129.341096,775.364225,-11.71,68420.0,168.96,9.0,0.11,32.86,160.17
2025-12-29 08:59:45.775708+00:00,97.0,11.06,849.1,-2.08,-2.29,-10.62,0.0,-0.01,-0.07,0.02,1.24,72.0,127547.0,129.341086,775.364186,-11.97,68171.0,168.94,9.0,0.24,32.77,-98.54
2025-12-29 08:59:48.834782+00:00,98.0,11.03,848.3,-2.15,-2.26,-10.58,0.0,-0.02,0.01,0.0,1.24,73.0,127672.0,129.341136,775.364193,-11.81,68171.0,168.54,9.0,0.43,32.77,158.73
2025-12-29 08:59:51.914499+00:00,98.0,11.09,849.2,-2.12,-2.26,-10.65,0.0,-0.01,0.0,0.0,1.24,70.0,127472.0,129.341086,775.364166,-11.74,68090.0,168.75,9.0,0.06,32.72,163.9
2025-12-29 08:59:54.980681+00:00,95.0,11.03,849.5,-2.09,-2.28,-10.59,0.0,-0.02,0.0,0.0,1.24,73.0,127413.0,129.341065,775.364163,-11.93,68094.0,168.82,9.0,0.24,32.77,172.57
2025-12-29 08:59:58.054026+00:00,96.0,11.08,848.9,-2.13,-2.26,-10.63,0.0,-0.02,0.01,0.0,1.24,78.0,127440.0,129.341103,775.364185,-11.79,68136.0,168.69,9.0,0.24,32.67,162.32
2025-12-29 09:00:01.133672+00:00,95.0,10.97,848.9,-2.1,-2.23,-10.53,0.0,-0.01,0.01,0.0,1.24,78.0,127523.0,129.341103,775.364185,-11.75,68153.0,168.71,9.0,0.24,32.77,153.43
2025-12-29 09:00:04.190610+00:00,96.0,11.1,848.9,-2.14,-2.26,-10.66,0.0,-0.02,0.0,0.0,1.24,79.0,127395.0,129.341103,775.364185,-11.75,68109.0,168.67,9.0,0.24,32.77,170.95
2025-12-29 09:00:07.278634+00:00,96.0,11.08,848.9,-2.11,-2.3,-10.63,0.0,-0.02,0.0,0.0,1.24,70.0,127397.0,129.341103,775.364185,-11.97,68089.0,168.77,9.0,0.24,32.72,170.17
2025-12-29 09:00:10.642712+00:00,95.0,11.1,848.9,-2.1,-2.23,-10.67,0.0,-0.02,-0.0,0.0,1.24,78.0,127411.0,129.341103,775.364185,-11.61,68076.0,168.88,9.0,0.24,32.77,-164.95
2025-12-29 09:00:13.819598+00:00,95.0,11.03,848.9,-2.07,-2.28,-10.59,0.0,-0.01,0.0,0.01,1.24,77.0,127427.0,129.341103,775.364185,-11.93,68112.0,168.95,9.0,0.24,32.72,162.65
2025-12-29 09:00:16.900755+00:00,98.0,11.07,849.8,-2.1,-2.18,-10.65,0.0,-0.02,0.01,0.0,1.24,79.0,127364.0,129.341048,775.364261,-11.35,68094.0,168.85,9.0,0.19,32.72,152.69
2025-12-29 09:00:19.961824+00:00,98.0,11.07,849.3,-2.16,-2.27,-10.62,0.0,-0.02,0.0,-0.0,1.24,78.0,127336.0,129.341103,775.36427,-11.83,68076.0,168.51,9.0,0.48,32.72,166.3
2025-12-29 09:00:23.038249+00:00,95.0,11.07,848.8,-2.15,-2.26,-10.62,0.0,-0.02,-0.0,0.0,1.29,76.0,127267.0,129.341103,775.36427,-11.76,68044.0,168.58,8.0,0.48,32.81,-178.99
2025-12-29 09:00:26.104829+00:00,96.0,11.04,848.8,-2.08,-2.21,-10.62,0.0,-0.01,0.0,0.0,1.29,78.0,127277.0,129.341103,775.36427,-11.55,68040.0,168.9,8.0,0.48,32.62,169.93
2025-12-29 09:00:29.184703+00:00,97.0,11.02,848.8,-2.17,-2.26,-10.56,0.0,-0.01,0.0,0.0,1.29,75.0,127306.0,129.341103,775.36427,-11.86,68020.0,168.37,8.0,0.48,32.62,159.3
2025-12-29 09:00:32.456553+00:00,98.0,10.98,848.8,-2.12,-2.28,-10.53,0.0,-0.01,0.01,0.0,1.29,74.0,127334.0,129.341103,775.36427,-11.97,68003.0,168.6,8.0,0.48,32.77,161.1
2025-12-29 09:00:35.525859+00:00,97.0,11.03,848.8,-2.21,-2.29,-10.56,0.0,-0.02,0.01,0.0,1.29,75.0,127352.0,129.341103,775.36427,-12.0,68047.0,168.18,8.0,0.48,32.62,141.97
2025-12-29 09:00:38.601712+00:00,98.0,11.06,848.8,-2.09,-2.25,-10.63,0.0,-0.01,-0.0,0.0,1.29,77.0,127285.0,129.341015,775.36432,-11.74,68066.0,168.85,8.0,0.37,32.81,-167.36
2025-12-29 09:00:41.679691+00:00,95.0,11.11,850.9,-2.18,-2.18,-10.68,0.0,-0.02,0.01,0.0,1.3,70.0,126316.0,129.340945,775.364311,-11.31,69641.0,168.44,8.0,0.15,32.72,155.73
2025-12-29 09:00:44.947719+00:00,97.0,10.07,851.1,1.75,0.01,-9.92,0.0,0.04,0.33,-1.09,1.3,75.0,125602.0,129.34094,775.36427,0.07,67569.0,-169.98,8.0,2.89,32.72,83.66
2025-12-29 09:00:48.024303+00:00,96.0,11.1,851.6,3.24,3.3,-10.09,0.0,-0.04,0.02,0.03,1.3,79.0,125635.0,129.340998,775.364093,17.31,67082.0,-162.2,8.0,2.82,32.62,155.8
2025-12-29 09:00:51.105930+00:00,98.0,11.11,853.2,3.53,3.33,-10.0,0.0,-0.02,0.01,0.02,1.24,77.0,125521.0,129.341071,775.364215,17.44,66777.0,-160.53,9.0,2.82,32.72,160.92
2025-12-29 09:00:54.180482+00:00,96.0,11.01,853.2,3.91,3.85,-9.54,0.0,0.01,-0.0,-0.01,1.24,70.0,125449.0,129.341071,775.364215,20.5,66677.0,-157.72,9.0,2.82,32.72,-23.86
2025-12-29 09:00:57.242753+00:00,98.0,11.13,853.2,3.87,3.55,-9.82,0.0,-0.02,0.01,0.01,1.24,75.0,125161.0,129.341071,775.364215,18.61,66529.0,-158.51,9.0,2.82,32.67,156.65
2025-12-29 09:01:00.370364+00:00,97.0,11.13,853.2,3.91,3.6,-9.78,0.0,-0.01,0.0,0.0,1.24,79.0,124999.0,129.341071,775.364215,18.86,66373.0,-158.2,9.0,2.82,32.62,152.14
2025-12-29 09:01:03.382271+00:00,97.0,11.12,853.2,3.99,3.59,-9.73,0.0,-0.02,0.01,0.0,1.24,73.0,125048.0,129.341071,775.364215,18.86,66351.0,-157.7,9.0,2.82,32.77,158.09
2025-12-29 09:01:06.450297+00:00,95.0,11.05,853.2,3.95,3.59,-9.67,0.0,-0.01,-0.0,0.0,1.24,74.0,126789.0,129.341071,775.364215,18.96,67578.0,-157.77,9.0,2.82,32.72,-174.67
2025-12-29 09:01:09.523761+00:00,96.0,9.61,853.2,-7.94,-4.98,-2.12,30.0,0.21,-0.21,0.27,1.24,79.0,127000.0,129.341139,775.364145,-31.21,67369.0,104.95,9.0,2.8,32.77,-44.24
2025-12-29 09:01:12.804973+00:00,95.0,10.61,853.2,-9.17,-3.91,-3.63,30.0,0.05,-0.05,0.29,1.24,74.0,128438.0,129.341188,775.363905,-21.64,70761.0,111.58,9.0,0.78,32.67,-46.52
2025-12-29 09:01:15.879705+00:00,96.0,10.55,847.7,-1.96,5.89,-8.53,30.0,-1.41,0.84,-0.57,1.24,75.0,126866.0,129.341186,775.36383,33.96,69687.0,167.08,9.0,1.85,32.67,149.23
2025-12-29 09:01:18.923317+00:00,98.0,10.13,848.1,-2.24,8.19,-5.52,30.0,-0.07,-0.0,0.03,1.4,72.0,127487.0,129.341146,775.363701,53.97,68446.0,157.93,8.0,0.06,32.67,-178.25
2025-12-29 09:01:22.024454+00:00,97.0,11.0,846.9,-1.25,0.15,-10.93,30.0,-0.14,0.12,-0.03,2.09,73.0,126609.0,129.341146,775.363701,0.79,67809.0,173.45,7.0,0.06,32.72,139.79
2025-12-29 09:01:25.090359+00:00,97.0,11.01,845.2,-1.12,0.74,-10.93,30.0,-0.03,-0.04,0.01,1.24,77.0,125737.0,129.34122,775.363626,3.88,69330.0,174.15,9.0,0.06,32.67,-126.9
2025-12-29 09:01:28.165677+00:00,98.0,10.83,845.2,-2.07,7.95,-7.05,30.0,0.49,0.26,0.2,1.24,74.0,125200.0,129.34122,775.363626,47.25,68298.0,163.62,9.0,0.06,32.72,27.81
2025-12-29 09:01:31.238939+00:00,95.0,10.07,845.2,-2.51,8.26,-5.18,30.0,-0.01,-0.0,0.01,1.24,77.0,124654.0,129.34122,775.363626,55.11,68014.0,154.17,9.0,0.06,32.72,-168.57
2025-12-29 09:01:34.524795+00:00,96.0,10.04,845.2,-2.5,8.29,-5.09,30.0,-0.02,0.01,0.0,1.24,79.0,124033.0,129.34122,775.363626,55.63,67733.0,153.87,9.0,0.06,32.72,154.42
2025-12-29 09:01:37.590731+00:00,97.0,10.09,845.2,-2.5,8.32,-5.11,30.0,-0.02,0.0,0.0,1.24,78.0,124084.0,129.34122,775.363626,55.63,67463.0,153.93,9.0,0.06,32.86,168.14
2025-12-29 09:01:40.656087+00:00,98.0,11.04,845.6,-0.7,2.26,-10.78,30.0,-0.07,0.06,-0.01,1.24,74.0,123719.0,129.341095,775.363633,11.81,67463.0,176.29,9.0,0.37,32.72,139.58
2025-12-29 09:01:44.135508+00:00,95.0,9.98,845.6,-2.94,8.26,-4.79,30.0,-0.02,-0.01,0.01,1.24,76.0,123412.0,129.341125,775.363655,55.77,67354.0,148.46,9.0,0.11,32.72,-166.29
2025-12-29 09:01:47.209316+00:00,98.0,10.03,845.0,-2.95,8.3,-4.81,30.0,-0.02,0.01,0.0,1.25,75.0,123312.0,129.341165,775.363681,55.79,67267.0,148.44,9.0,0.09,32.67,163.61
2025-12-29 09:01:50.333350+00:00,98.0,9.94,845.0,-2.94,8.22,-4.76,30.0,-0.02,0.0,0.0,1.25,78.0,123283.0,129.341165,775.363681,55.79,67275.0,148.32,9.0,0.09,32.72,165.86
2025-12-29 09:01:53.362096+00:00,96.0,9.95,845.0,-2.97,8.22,-4.74,30.0,-0.01,0.01,0.0,1.25,70.0,123289.0,129.341165,775.363681,55.78,67269.0,147.89,9.0,0.09,32.81,138.37
2025-12-29 09:01:56.421556+00:00,96.0,9.91,845.0,-2.92,8.2,-4.73,30.0,-0.02,0.0,0.01,1.25,76.0,123310.0,129.341165,775.363681,55.88,67230.0,148.27,9.0,0.09,32.67,169.74
2025-12-29 09:01:59.493627+00:00,98.0,10.03,845.0,-2.96,8.21,-4.94,30.0,-0.01,0.0,-0.0,1.25,77.0,123306.0,129.341165,775.363681,54.95,67240.0,149.02,9.0,0.09,32.77,167.42
2025-12-29 09:02:02.571399+00:00,96.0,9.97,845.0,-2.95,8.22,-4.82,30.0,-0.02,0.01,0.0,1.25,76.0,123312.0,129.341025,775.363811,55.49,67228.0,148.5,9.0,0.2,32.72,161.69
2025-12-29 09:02:05.647491+00:00,97.0,9.89,846.5,-2.93,8.19,-4.72,30.0,-0.01,0.01,0.0,1.63,79.0,123324.0,129.340985,775.363873,55.85,66935.0,148.17,8.0,0.8,32.86,152.15
2025-12-29 09:02:08.721006+00:00,96.0,9.94,846.0,-2.92,8.35,-4.53,30.0,-0.01,0.01,0.0,1.25,76.0,123252.0,129.341021,775.36388,57.15,66984.0,147.23,9.0,0.09,32.72,150.2
2025-12-29 09:02:11.778679+00:00,95.0,9.93,845.2,-2.89,8.33,-4.58,30.0,-0.02,0.0,0.0,1.25,74.0,123495.0,129.341086,775.363866,56.99,66991.0,147.72,9.0,0.11,32.81,162.33
2025-12-29 09:02:14.853728+00:00,97.0,10.54,845.2,-2.4,8.26,-6.1,30.0,0.11,0.08,-0.04,1.35,77.0,123608.0,129.341095,775.36389,51.59,67391.0,158.52,10.0,0.13,32.77,34.95
2025-12-29 09:02:17.925479+00:00,96.0,9.71,845.0,-3.26,7.97,-4.5,30.0,-0.04,1.27,-0.13,1.09,79.0,123520.0,129.341101,775.363963,55.11,67413.0,144.13,10.0,0.74,32.72,91.97
2025-12-29 09:02:21.012053+00:00,95.0,9.71,845.2,-4.25,8.07,-3.34,30.0,-0.11,0.71,-0.15,1.09,76.0,123171.0,129.341075,775.364,56.2,67331.0,128.14,10.0,0.74,32.72,99.04
2025-12-29 09:02:24.079649+00:00,97.0,9.95,845.2,-2.94,8.1,-4.97,30.0,-0.0,0.57,0.01,1.09,75.0,123124.0,129.341075,775.364,54.51,66917.0,149.39,10.0,0.74,32.67,90.09
2025-12-29 09:02:27.143900+00:00,95.0,10.09,845.2,-2.34,8.44,-5.01,30.0,0.0,-1.08,0.16,1.09,79.0,123159.0,129.341075,775.364,56.74,67635.0,154.97,10.0,0.74,32.72,-89.89
2025-12-29 09:02:30.336672+00:00,96.0,9.98,845.2,-2.46,8.35,-4.89,30.0,-0.06,0.15,0.08,1.09,79.0,123047.0,129.341075,775.364,56.73,67450.0,153.32,10.0,0.74,32.67,111.53
2025-12-29 09:02:33.499023+00:00,97.0,10.0,845.2,-2.24,8.32,-5.07,30.0,-0.02,0.0,0.0,1.09,79.0,123190.0,129.341075,775.364,56.31,67473.0,156.15,10.0,0.74,32.81,165.17
2025-12-29 09:02:36.566516+00:00,95.0,9.0,845.2,-2.1,7.81,-3.96,30.0,0.11,-0.11,0.0,1.09,76.0,123130.0,129.341143,775.364118,60.12,67525.0,152.05,10.0,0.5,32.67,-44.49
2025-12-29 09:02:39.633295+00:00,98.0,10.1,845.1,-2.62,8.26,-5.17,30.0,-0.01,0.0,-0.0,1.09,72.0,123109.0,129.34111,775.364135,54.95,67518.0,153.14,10.0,0.06,32.67,172.13
2025-12-29 09:02:42.705251+00:00,96.0,10.04,845.6,-2.58,8.23,-5.13,30.0,-0.01,0.0,0.01,1.09,73.0,123091.0,129.341083,775.364145,55.11,67501.0,153.26,10.0,0.26,32.67,174.29
2025-12-29 09:02:45.782155+00:00,95.0,10.02,846.2,-2.55,8.21,-5.14,30.0,-0.01,0.0,0.0,1.17,73.0,123102.0,129.341034,775.364135,55.08,67475.0,153.65,9.0,0.37,32.72,168.19
2025-12-29 09:02:48.860681+00:00,98.0,10.02,846.4,-2.61,8.22,-5.09,30.0,-0.01,0.01,0.0,1.17,74.0,123112.0,129.341023,775.364146,55.17,67511.0,152.87,9.0,0.09,32.77,157.57
2025-12-29 09:02:51.930200+00:00,95.0,10.0,846.7,-2.65,8.19,-5.09,30.0,-0.02,0.0,0.0,1.09,73.0,123118.0,129.341001,775.364116,54.99,67504.0,152.54,10.0,0.22,32.81,162.02
2025-12-29 09:02:54.995031+00:00,96.0,10.04,846.8,-2.68,8.19,-5.15,30.0,-0.02,0.0,0.01,1.09,76.0,123145.0,129.34103,775.364096,54.64,67537.0,152.54,10.0,0.09,32.62,168.61
2025-12-29 09:02:58.073176+00:00,98.0,10.13,847.2,-2.62,8.28,-5.2,30.0,-0.01,0.0,0.01,1.09,72.0,123129.0,129.341001,775.364088,54.89,67539.0,153.22,10.0,0.09,32.62,175.6
2025-12-29 09:03:01.227083+00:00,96.0,9.97,847.2,-2.53,8.23,-5.03,30.0,-0.02,-0.01,0.0,1.09,78.0,123167.0,129.341001,775.364088,55.62,67376.0,153.29,10.0,0.09,32.67,-160.05
2025-12-29 09:03:04.216037+00:00,96.0,9.98,847.2,-1.94,8.36,-5.09,30.0,-0.0,-0.01,-0.0,1.09,77.0,122977.0,129.341001,775.364088,56.94,67147.0,159.1,10.0,0.09,32.72,-96.17
2025-12-29 09:03:07.288035+00:00,98.0,10.07,847.2,-2.1,8.21,-5.43,30.0,-0.02,0.01,0.01,1.09,75.0,122924.0,129.341001,775.364088,54.67,67692.0,158.82,10.0,0.09,32.72,164.93
2025-12-29 09:03:10.422594+00:00,96.0,10.04,847.2,-1.91,8.42,-5.12,30.0,-0.01,-0.01,0.0,1.09,78.0,122927.0,129.341001,775.364088,57.01,67679.0,159.54,10.0,0.09,32.77,-158.29
2025-12-29 09:03:13.449465+00:00,98.0,10.13,847.2,-1.96,8.45,-5.22,30.0,-0.02,-0.0,0.0,1.09,78.0,122985.0,129.341001,775.364088,56.6,67602.0,159.38,10.0,0.09,32.72,-178.32
2025-12-29 09:03:16.947506+00:00,95.0,10.05,847.2,-2.3,8.26,-5.25,30.0,-0.01,-0.01,0.01,1.09,78.0,123010.0,129.340931,775.364263,55.25,67588.0,156.35,10.0,0.44,32.81,-157.54
2025-12-29 09:03:20.084248+00:00,97.0,10.08,847.2,-2.35,8.28,-5.24,30.0,-0.02,0.01,0.01,1.09,71.0,124222.0,129.340933,775.36428,55.24,67724.0,155.83,10.0,0.43,32.77,148.09
2025-12-29 09:03:23.684757+00:00,97.0,8.92,847.9,-2.89,1.7,-8.27,30.0,-1.17,0.77,-0.87,1.17,70.0,123815.0,129.3409,775.364308,10.95,68024.0,160.74,9.0,0.43,32.62,146.48
2025-12-29 09:03:27.178169+00:00,98.0,10.33,847.9,1.81,8.85,-5.02,30.0,0.07,-0.04,-0.06,1.17,73.0,124089.0,129.3409,775.364308,58.9,68368.0,-160.15,9.0,0.43,32.86,-32.76
2025-12-29 09:03:30.846314+00:00,95.0,10.25,849.3,1.36,8.56,-5.48,30.0,-0.01,0.01,0.0,1.09,78.0,124147.0,129.340835,775.364395,56.58,68533.0,-166.09,10.0,0.35,32.72,140.96
2025-12-29 09:03:34.563609+00:00,95.0,9.52,849.3,1.09,7.67,-5.53,30.0,0.01,-0.15,0.01,1.09,78.0,124056.0,129.340835,775.364395,53.68,68536.0,-168.84,10.0,0.35,32.72,-86.82
2025-12-29 09:03:38.230348+00:00,95.0,10.79,849.9,1.47,9.29,-5.29,34.0,-0.02,-0.04,0.04,1.09,76.0,123948.0,129.340798,775.364621,59.44,68571.0,-164.46,10.0,0.5,32.67,-113.46
2025-12-29 09:03:42.119860+00:00,95.0,10.25,850.6,1.35,8.62,-5.37,34.0,-0.02,0.01,-0.0,1.09,70.0,123887.0,129.340723,775.364826,57.3,68618.0,-165.86,10.0,1.37,32.72,151.87
2025-12-29 09:03:45.995144+00:00,96.0,10.3,851.3,1.27,8.57,-5.58,34.0,-0.01,0.0,0.0,1.09,79.0,123913.0,129.340643,775.364953,56.27,68718.0,-167.19,10.0,1.15,32.77,180.0
2025-12-29 09:03:49.908244+00:00,95.0,10.47,851.3,1.39,8.75,-5.58,34.0,-0.01,0.04,-0.01,1.09,71.0,123862.0,129.340643,775.364953,56.71,68677.0,-165.99,10.0,1.15,32.67,98.78
2025-12-29 09:03:53.413233+00:00,97.0,10.27,851.3,1.27,8.64,-5.4,34.0,0.0,0.0,0.03,1.09,78.0,123944.0,129.340643,775.364953,57.29,68760.0,-166.73,10.0,1.15,32.72,23.81
2025-12-29 09:03:57.279346+00:00,96.0,10.59,851.3,1.37,8.85,-5.65,34.0,-0.01,-0.02,0.01,1.09,73.0,123856.0,129.340643,775.364953,56.68,68695.0,-166.38,10.0,1.15,32.86,-112.04
2025-12-29 09:04:00.945661+00:00,98.0,10.28,851.1,1.27,8.58,-5.53,34.0,-0.02,0.0,0.0,1.09,71.0,123838.0,129.34068,775.365125,56.51,68703.0,-167.08,10.0,0.52,32.72,173.24
2025-12-29 09:04:04.648245+00:00,95.0,10.25,851.1,1.23,8.57,-5.49,34.0,-0.01,-0.0,0.0,1.09,75.0,123831.0,129.34073,775.365075,56.7,68769.0,-167.34,10.0,0.43,32.58,-178.47
2025-12-29 09:04:08.133670+00:00,97.0,10.31,850.6,1.23,8.59,-5.57,34.0,-0.02,0.01,0.0,1.09,79.0,123822.0,129.34078,775.365043,56.4,68776.0,-167.57,10.0,0.43,32.72,161.43
2025-12-29 09:04:11.828679+00:00,98.0,10.34,849.5,1.21,8.65,-5.54,34.0,-0.01,-0.0,0.0,1.09,70.0,123816.0,129.340843,775.364951,56.74,68761.0,-167.69,10.0,1.13,32.67,-169.14
2025-12-29 09:04:15.500556+00:00,97.0,10.28,849.5,1.17,8.54,-5.6,34.0,-0.01,0.0,0.0,1.09,76.0,123796.0,129.340843,775.364951,56.2,68771.0,-168.16,10.0,1.13,32.62,161.24
2025-12-29 09:04:19.174535+00:00,95.0,10.32,849.5,1.27,8.58,-5.58,34.0,-0.02,0.01,0.01,1.09,79.0,123812.0,129.340843,775.364951,56.29,68788.0,-167.15,10.0,1.13,32.58,156.32
2025-12-29 09:04:22.876211+00:00,98.0,10.23,846.3,1.17,8.56,-5.47,34.0,-0.01,-0.0,0.01,1.09,78.0,123807.0,129.341041,775.36465,56.83,68785.0,-167.95,10.0,1.96,32.72,-165.96
2025-12-29 09:04:26.558335+00:00,95.0,10.32,846.3,1.19,8.6,-5.58,34.0,-0.01,0.01,0.01,1.09,71.0,123840.0,129.341041,775.36465,56.44,68780.0,-167.98,10.0,1.96,32.67,159.38
2025-12-29 09:04:30.494644+00:00,95.0,10.27,846.3,1.21,8.51,-5.63,34.0,-0.01,0.01,0.0,1.09,74.0,123856.0,129.341041,775.36465,55.91,68780.0,-167.9,10.0,1.96,32.67,154.98
2025-12-29 09:04:33.947619+00:00,95.0,10.24,842.7,1.11,8.52,-5.58,34.0,-0.01,0.0,0.01,1.09,70.0,123801.0,129.341281,775.36428,56.28,68796.0,-168.76,10.0,1.15,32.62,180.0
2025-12-29 09:04:37.629265+00:00,96.0,10.29,842.6,1.1,8.56,-5.62,34.0,-0.02,0.0,0.0,1.09,70.0,123803.0,129.34131,775.364194,56.22,68808.0,-168.91,10.0,0.85,32.81,170.31
2025-12-29 09:04:40.906304+00:00,97.0,10.33,842.6,1.2,8.58,-5.63,34.0,-0.02,-0.0,0.0,1.09,77.0,123807.0,129.34131,775.364194,56.12,68802.0,-167.98,10.0,0.85,32.67,-178.88
2025-12-29 09:04:44.166500+00:00,97.0,10.21,843.3,1.11,8.49,-5.57,34.0,-0.02,0.0,0.0,1.09,78.0,123761.0,129.341271,775.364326,56.24,68782.0,-168.74,10.0,0.65,32.67,164.79
2025-12-29 09:04:47.450427+00:00,96.0,10.31,843.1,1.16,8.54,-5.66,34.0,-0.01,0.0,0.0,1.09,70.0,123795.0,129.341298,775.364333,55.93,68836.0,-168.41,10.0,0.65,32.67,159.21
2025-12-29 09:04:51.340333+00:00,97.0,10.16,843.1,1.13,8.49,-5.47,34.0,-0.01,0.0,0.01,1.09,72.0,123795.0,129.341298,775.364333,56.64,68808.0,-168.3,10.0,0.65,32.67,163.7
2025-12-29 09:04:54.809244+00:00,98.0,10.25,841.6,1.08,8.54,-5.55,0.04,-0.01,0.0,0.0,1.09,75.0,123768.0,129.341416,775.364126,56.51,68811.0,-168.99,10.0,0.5,32.67,179.44
2025-12-29 09:04:58.713399+00:00,95.0,10.34,841.6,1.11,8.55,-5.7,0.04,-0.01,0.0,0.0,1.09,72.0,123789.0,129.341416,775.364126,55.84,68817.0,-169.01,10.0,0.5,32.72,163.44
2025-12-29 09:05:02.189883+00:00,97.0,10.38,841.6,1.12,8.63,-5.66,0.04,-0.02,0.0,0.0,1.09,71.0,123819.0,129.341416,775.364126,56.26,68854.0,-168.77,10.0,0.5,32.77,179.58
2025-12-29 09:05:05.872529+00:00,95.0,10.32,843.5,1.07,8.54,-5.69,0.04,-0.02,0.0,0.0,1.09,78.0,123805.0,129.341321,775.363993,55.87,68814.0,-169.35,10.0,0.5,32.72,167.47
2025-12-29 09:05:09.359496+00:00,96.0,10.31,843.5,1.08,8.61,-5.57,25.0,-0.01,0.01,0.0,1.09,75.0,123846.0,129.341268,775.364095,56.63,68825.0,-169.05,10.0,0.09,32.67,142.78
2025-12-29 09:05:13.042514+00:00,98.0,10.35,843.5,1.11,8.58,-5.69,25.0,-0.02,0.0,0.01,1.09,70.0,123837.0,129.341268,775.364095,55.93,68866.0,-168.98,10.0,0.09,32.72,176.37
2025-12-29 09:05:16.327114+00:00,98.0,10.29,845.7,1.06,8.49,-5.71,25.0,-0.02,0.01,0.0,1.09,70.0,123761.0,129.341215,775.364158,55.61,68830.0,-169.48,10.0,0.28,32.62,160.13
2025-12-29 09:05:20.400441+00:00,96.0,10.33,845.7,1.08,8.54,-5.71,25.0,-0.02,0.01,0.0,1.09,72.0,123777.0,129.341215,775.364158,55.75,68852.0,-169.32,10.0,0.28,32.67,155.22
2025-12-29 09:05:24.111061+00:00,96.0,10.29,847.2,1.09,8.5,-5.7,25.0,-0.02,0.0,0.0,1.09,73.0,123733.0,129.341155,775.36419,55.66,68827.0,-169.16,10.0,0.26,32.67,172.23
2025-12-29 09:05:27.779161+00:00,98.0,10.29,847.2,1.12,8.52,-5.65,25.0,-0.01,-0.0,0.0,1.09,76.0,123747.0,129.341123,775.364255,55.94,68841.0,-168.76,10.0,0.26,32.67,-178.92
2025-12-29 09:05:31.563849+00:00,98.0,10.32,847.2,1.13,8.56,-5.65,25.0,-0.01,0.01,-0.0,1.09,71.0,123748.0,129.341123,775.364255,56.08,68875.0,-168.69,10.0,0.26,32.62,154.98
2025-12-29 09:05:34.967099+00:00,95.0,10.38,847.2,1.15,8.57,-5.74,25.0,-0.01,0.0,0.0,1.09,75.0,123765.0,129.341123,775.364255,55.68,68837.0,-168.65,10.0,0.26,32.72,163.98
2025-12-29 09:05:38.449253+00:00,98.0,10.26,847.1,1.11,8.53,-5.58,25.0,-0.01,0.0,0.0,1.18,79.0,123797.0,129.341155,775.364205,56.3,68829.0,-168.77,10.0,0.46,32.67,168.17
2025-12-29 09:05:42.329497+00:00,98.0,10.31,847.3,1.13,8.58,-5.61,25.0,-0.01,0.0,-0.0,1.09,76.0,123807.0,129.341141,775.364183,56.3,68823.0,-168.65,10.0,0.46,32.72,163.47
2025-12-29 09:05:46.009164+00:00,96.0,10.34,848.4,1.17,8.61,-5.62,25.0,-0.02,0.0,0.01,1.09,72.0,123795.0,129.341053,775.364273,56.31,68828.0,-168.28,10.0,0.13,32.67,169.86
2025-12-29 09:05:50.269852+00:00,97.0,10.26,850.5,1.04,8.51,-5.64,25.0,-0.01,0.0,0.0,1.09,74.0,123784.0,129.340901,775.364421,56.03,68816.0,-169.58,10.0,0.41,32.67,170.35
2025-12-29 09:05:54.000039+00:00,95.0,10.33,850.5,1.05,8.54,-5.71,25.0,-0.02,0.0,0.0,1.09,77.0,123795.0,129.340879,775.364495,55.8,68838.0,-169.62,10.0,0.46,32.72,170.33
2025-12-29 09:05:57.495255+00:00,97.0,10.33,850.5,1.02,8.54,-5.72,25.0,-0.02,0.0,0.0,1.09,78.0,123832.0,129.340879,775.364495,55.75,68880.0,-169.85,10.0,0.46,32.58,169.11
2025-12-29 09:06:01.194698+00:00,97.0,10.25,850.5,1.09,8.51,-5.6,25.0,-0.02,0.01,0.0,1.09,78.0,123806.0,129.340879,775.364495,56.18,68767.0,-169.02,10.0,0.46,32.67,154.63
2025-12-29 09:06:04.848220+00:00,95.0,10.01,850.5,0.95,8.15,-5.73,25.0,-0.04,-0.01,0.01,1.09,76.0,123803.0,129.340895,775.364651,54.54,68877.0,-170.55,10.0,0.31,32.58,-169.11
2025-12-29 09:06:08.133723+00:00,96.0,10.39,850.5,0.98,8.5,-5.9,25.0,0.0,0.02,-0.0,1.09,74.0,123818.0,129.34081,775.364828,54.86,68847.0,-170.6,10.0,0.52,32.67,87.66
2025-12-29 09:06:11.610695+00:00,97.0,10.17,851.1,1.16,8.36,-5.68,25.0,-0.02,-0.0,-0.02,1.19,72.0,123804.0,129.34081,775.364828,55.24,68827.0,-168.5,9.0,0.52,32.77,-172.35
2025-12-29 09:06:15.309108+00:00,95.0,10.27,851.1,1.01,8.48,-5.7,25.0,-0.02,0.01,0.0,1.19,78.0,123786.0,129.34081,775.364828,55.65,68851.0,-169.98,9.0,0.52,32.72,161.85
2025-12-29 09:06:18.569544+00:00,95.0,10.33,851.4,1.09,8.49,-5.79,25.0,-0.01,0.01,0.0,1.1,77.0,123725.0,129.340808,775.364938,55.26,68788.0,-169.36,10.0,0.57,32.67,153.22
2025-12-29 09:06:21.643049+00:00,98.0,10.2,851.4,1.03,8.43,-5.65,25.0,-0.01,0.0,0.0,1.1,72.0,123478.0,129.340843,775.364983,55.74,68741.0,-169.65,10.0,0.22,32.67,172.21
2025-12-29 09:06:24.714335+00:00,95.0,10.5,851.6,1.65,8.49,-5.97,25.0,-0.15,0.08,0.2,1.1,78.0,123405.0,129.3408,775.365018,53.88,68679.0,-164.57,10.0,1.17,32.72,153.84
2025-12-29 09:06:27.803761+00:00,96.0,10.24,851.9,1.95,8.4,-5.51,25.0,-0.01,-0.0,0.0,1.1,79.0,123382.0,129.340786,775.364991,55.17,68656.0,-160.56,10.0,0.2,32.72,-165.56
2025-12-29 09:06:30.861681+00:00,97.0,10.37,850.6,1.92,8.51,-5.6,25.0,-0.02,0.01,0.0,1.1,74.0,123345.0,129.340868,775.364968,55.15,68682.0,-161.08,10.0,0.57,32.72,157.47
2025-12-29 09:06:33.926213+00:00,95.0,10.35,850.9,1.89,8.5,-5.6,25.0,-0.01,0.01,0.01,1.35,71.0,123392.0,129.340831,775.364991,55.18,68709.0,-161.32,10.0,0.07,32.62,140.19
2025-12-29 09:06:37.205488+00:00,98.0,10.36,851.6,1.87,8.49,-5.64,25.0,-0.02,0.0,0.0,1.35,71.0,123396.0,129.340795,775.364971,55.04,68685.0,-161.69,9.0,0.07,32.72,173.43
2025-12-29 09:06:40.318319+00:00,98.0,10.35,851.6,1.89,8.43,-5.69,25.0,-0.01,-0.0,0.0,1.35,76.0,123427.0,129.340795,775.364971,54.61,68683.0,-161.64,9.0,0.07,32.72,-178.25
2025-12-29 09:06:43.350544+00:00,97.0,10.38,851.6,1.87,8.47,-5.71,25.0,-0.02,-0.0,0.0,1.35,71.0,123290.0,129.340795,775.364971,54.64,68665.0,-161.89,9.0,0.07,32.72,-177.68
2025-12-29 09:06:46.433554+00:00,95.0,10.71,851.6,1.66,8.94,-5.67,25.0,0.13,0.15,0.29,1.35,75.0,125435.0,129.340795,775.364971,56.53,68232.0,-163.64,9.0,0.07,32.72,48.72
2025-12-29 09:06:49.487842+00:00,98.0,11.35,851.6,4.81,-0.37,-10.28,25.0,0.04,-0.15,0.08,1.35,72.0,125572.0,129.340795,775.364971,-1.85,67880.0,-154.93,9.0,0.07,32.81,-76.5
2025-12-29 09:06:52.561000+00:00,98.0,11.16,851.6,4.6,-0.31,-10.17,25.0,-0.02,-0.0,0.01,1.35,73.0,125358.0,129.340865,775.364651,-1.6,67453.0,-155.67,9.0,0.78,32.67,-178.34
2025-12-29 09:06:55.634091+00:00,96.0,11.3,851.6,4.96,-0.14,-10.15,25.0,-0.03,0.02,0.01,1.35,78.0,125336.0,129.341008,775.364565,-0.69,67503.0,-153.97,9.0,1.07,32.62,141.34
2025-12-29 09:06:58.921310+00:00,98.0,11.21,848.6,4.77,-0.18,-10.14,25.0,-0.02,0.01,-0.0,1.1,75.0,125134.0,129.341056,775.364473,-0.94,67370.0,-154.78,10.0,0.69,32.67,160.12
2025-12-29 09:07:01.998136+00:00,98.0,11.25,848.7,4.62,-0.51,-10.25,25.0,0.03,-0.01,0.03,1.1,78.0,124426.0,129.34112,775.364303,-2.59,66718.0,-155.75,10.0,1.09,32.77,-11.6
2025-12-29 09:07:05.074892+00:00,96.0,12.62,847.8,8.26,-0.55,-9.53,25.0,-0.02,-0.64,0.24,1.35,75.0,125025.0,129.34112,775.364303,-2.51,67046.0,-139.06,9.0,1.09,32.67,-92.14
2025-12-29 09:07:08.127955+00:00,98.0,11.38,847.8,5.17,-0.31,-10.13,25.0,-0.02,-0.01,0.02,1.35,78.0,125514.0,129.34112,775.364303,-1.57,68257.0,-152.96,9.0,1.09,32.62,-152.12
2025-12-29 09:07:11.626727+00:00,95.0,11.24,847.8,2.25,-2.38,-10.75,25.0,0.01,-0.05,0.03,1.35,74.0,125127.0,129.34112,775.364303,-12.25,67984.0,-168.21,9.0,1.09,32.81,-74.53
2025-12-29 09:07:14.679960+00:00,97.0,11.31,847.8,0.97,-2.8,-10.91,25.0,-0.02,0.01,0.01,1.35,75.0,125187.0,129.34112,775.364303,-14.33,68075.0,-174.92,9.0,1.09,32.72,159.99
2025-12-29 09:07:17.758292+00:00,97.0,11.2,843.2,1.08,-2.74,-10.8,25.0,-0.02,-0.0,-0.0,1.1,71.0,125125.0,129.341303,775.364251,-14.17,68069.0,-174.27,10.0,1.35,32.72,-169.32
2025-12-29 09:07:20.836980+00:00,96.0,11.25,843.0,1.14,-2.76,-10.84,25.0,-0.02,-0.0,0.0,1.5,75.0,125062.0,129.341313,775.364228,-14.21,68033.0,-173.99,8.0,1.39,32.77,-174.02
2025-12-29 09:07:23.905117+00:00,95.0,11.2,840.8,1.13,-2.62,-10.84,25.0,-0.01,0.0,0.01,1.1,72.0,125163.0,129.34149,775.364283,-13.51,68077.0,-174.06,10.0,1.72,32.62,179.47
2025-12-29 09:07:26.972745+00:00,95.0,11.29,839.0,1.12,-2.66,-10.92,25.0,-0.03,-0.0,-0.01,1.35,71.0,125064.0,129.341535,775.36437,-13.6,68066.0,-174.14,10.0,0.22,32.77,-178.76
2025-12-29 09:07:30.092096+00:00,97.0,11.18,836.6,1.14,-2.72,-10.79,25.0,-0.01,0.0,0.01,1.5,77.0,125045.0,129.3416,775.364493,-14.06,68054.0,-173.94,9.0,0.22,32.72,174.23
2025-12-29 09:07:33.115981+00:00,96.0,11.25,835.0,1.18,-2.75,-10.85,25.0,-0.01,-0.0,0.0,1.5,74.0,125076.0,129.341673,775.36448,-14.13,68049.0,-173.8,10.0,0.22,32.77,-179.46
2025-12-29 09:07:36.190135+00:00,98.0,11.21,835.0,1.18,-2.73,-10.81,25.0,-0.02,0.01,-0.0,1.5,73.0,125065.0,129.341673,775.36448,-14.1,68067.0,-173.79,10.0,0.22,32.77,163.27
2025-12-29 09:07:39.460515+00:00,96.0,11.18,835.0,1.26,-2.68,-10.78,25.0,-0.02,0.0,0.01,1.5,74.0,125046.0,129.341673,775.36448,-13.88,68095.0,-173.33,10.0,0.22,32.67,179.04
2025-12-29 09:07:42.537881+00:00,95.0,11.2,835.0,1.28,-2.76,-10.78,25.0,-0.01,0.01,0.01,1.5,78.0,125097.0,129.341673,775.36448,-14.26,68092.0,-173.25,10.0,0.22,32.72,133.47
2025-12-29 09:07:45.618621+00:00,98.0,11.38,835.0,1.26,-2.86,-10.94,25.0,-0.02,0.0,0.01,1.5,78.0,125053.0,129.342305,775.364228,-14.54,68051.0,-173.41,10.0,0.81,32.81,174.72
2025-12-29 09:07:48.696209+00:00,96.0,11.19,825.4,1.16,-2.72,-10.8,25.0,-0.02,-0.0,0.01,1.35,74.0,125236.0,129.342545,775.364068,-14.09,68354.0,-173.85,10.0,1.04,32.77,-163.07
2025-12-29 09:07:52.167842+00:00,96.0,11.31,824.1,1.53,-2.04,-11.02,25.0,-0.15,0.13,0.36,1.35,77.0,124244.0,129.342726,775.363936,-10.39,65836.0,-172.07,10.0,2.8,32.67,139.48
2025-12-29 09:07:55.674946+00:00,96.0,11.17,824.9,4.61,3.1,-9.69,25.0,-0.06,0.02,0.02,1.35,77.0,124019.0,129.342685,775.36389,16.09,65685.0,-154.56,10.0,0.91,32.77,162.58
2025-12-29 09:07:59.337155+00:00,95.0,11.13,824.9,4.75,2.98,-9.61,25.0,-0.02,0.01,0.01,1.35,71.0,124049.0,129.342685,775.36389,15.51,65571.0,-153.68,10.0,0.91,32.72,165.79
2025-12-29 09:08:02.623629+00:00,95.0,11.11,826.4,4.88,2.99,-9.52,25.0,-0.01,0.01,-0.0,1.35,75.0,123992.0,129.342701,775.363518,15.63,65523.0,-152.83,10.0,0.91,32.72,148.43
2025-12-29 09:08:06.504419+00:00,95.0,11.04,826.4,4.72,2.9,-9.54,25.0,-0.02,0.0,0.01,1.35,79.0,123994.0,129.342701,775.363518,15.26,65415.0,-153.67,10.0,0.91,32.72,177.46
2025-12-29 09:08:10.453765+00:00,95.0,11.17,827.6,4.89,3.05,-9.57,25.0,-0.02,-0.01,0.02,1.35,79.0,123967.0,129.342735,775.363335,15.86,65396.0,-152.93,10.0,0.81,32.72,-164.1
2025-12-29 09:08:13.890252+00:00,96.0,11.19,829.8,4.93,3.0,-9.59,25.0,-0.02,0.0,0.01,1.35,71.0,124007.0,129.342636,775.363481,15.54,65382.0,-152.79,10.0,0.96,32.81,165.23
2025-12-29 09:08:17.365706+00:00,98.0,11.21,830.6,4.85,3.02,-9.65,25.0,-0.01,0.01,0.01,1.35,70.0,123925.0,129.342621,775.363491,15.64,65350.0,-153.34,10.0,0.7,32.77,143.58
2025-12-29 09:08:20.850878+00:00,95.0,11.15,830.6,4.81,2.94,-9.62,25.0,-0.01,0.01,0.0,1.35,73.0,123932.0,129.342621,775.363491,15.3,65318.0,-153.41,10.0,0.7,32.81,142.38
2025-12-29 09:08:24.738369+00:00,95.0,11.08,830.6,4.77,3.0,-9.54,25.0,-0.01,0.01,-0.02,1.35,79.0,123806.0,129.342621,775.363491,15.71,65269.0,-153.43,10.0,0.7,32.77,131.68
2025-12-29 09:08:28.233629+00:00,95.0,11.19,830.6,4.86,3.0,-9.62,25.0,-0.02,0.0,0.01,1.35,74.0,123847.0,129.342621,775.363491,15.54,65280.0,-153.22,10.0,0.7,32.81,171.7
2025-12-29 09:08:32.104728+00:00,95.0,11.18,837.1,4.92,2.9,-9.61,25.0,-0.01,0.0,0.0,1.1,72.0,123933.0,129.342166,775.363481,15.03,65251.0,-152.88,10.0,0.7,32.77,165.11
2025-12-29 09:08:35.592128+00:00,98.0,11.14,837.1,4.86,2.94,-9.58,25.0,-0.02,-0.0,0.02,1.1,75.0,123891.0,129.341993,775.363658,15.31,65222.0,-153.12,10.0,1.17,32.81,-174.19
2025-12-29 09:08:39.474191+00:00,96.0,11.07,837.1,4.81,2.95,-9.53,25.0,-0.01,0.0,-0.0,1.1,71.0,123946.0,129.341993,775.363658,15.45,65335.0,-153.24,10.0,1.17,32.86,166.88
2025-12-29 09:08:43.184914+00:00,96.0,11.17,843.9,5.0,2.94,-9.55,25.0,-0.0,0.01,0.02,1.1,73.0,123926.0,129.34172,775.363673,15.23,65366.0,-152.39,10.0,0.67,32.67,112.25
2025-12-29 09:08:46.871419+00:00,97.0,10.78,847.2,4.62,2.82,-9.32,25.0,-0.03,-0.08,-0.0,1.1,74.0,124125.0,129.341543,775.36389,15.15,65230.0,-153.62,10.0,1.11,32.72,-112.62
2025-12-29 09:08:50.544518+00:00,95.0,11.73,847.2,4.94,2.89,-10.24,25.0,-0.03,0.04,-0.03,1.1,79.0,124208.0,129.341543,775.36389,14.24,65269.0,-154.23,10.0,1.11,32.81,121.07
2025-12-29 09:08:54.242408+00:00,95.0,11.1,847.2,4.85,2.89,-9.56,25.0,-0.02,-0.0,0.0,1.1,74.0,124198.0,129.341543,775.36389,15.06,65279.0,-153.09,10.0,1.11,32.81,-176.69
2025-12-29 09:08:57.906228+00:00,95.0,11.11,847.2,4.86,2.81,-9.59,25.0,-0.02,0.0,0.01,1.1,77.0,124094.0,129.341076,775.364426,14.66,65240.0,-153.14,10.0,1.39,32.86,166.54
2025-12-29 09:09:01.795902+00:00,96.0,11.07,847.2,4.81,2.88,-9.55,25.0,-0.02,-0.0,0.01,1.1,73.0,124050.0,129.341003,775.364596,15.05,65215.0,-153.28,10.0,1.44,32.77,-171.74
2025-12-29 09:09:05.277180+00:00,97.0,11.15,858.6,4.94,2.92,-9.56,25.0,-0.02,0.01,-0.0,1.1,70.0,124061.0,129.340858,775.364795,15.2,65213.0,-152.67,10.0,1.44,32.77,162.27
2025-12-29 09:09:08.975271+00:00,97.0,11.13,858.6,4.92,3.0,-9.51,25.0,-0.02,-0.0,0.01,1.1,72.0,124071.0,129.340858,775.364795,15.63,65219.0,-152.63,10.0,1.44,32.77,-177.23
2025-12-29 09:09:12.658667+00:00,98.0,11.13,858.6,4.92,2.93,-9.54,25.0,-0.02,-0.01,0.01,1.1,78.0,124012.0,129.340893,775.364988,15.25,65184.0,-152.7,10.0,1.54,32.81,-149.4
2025-12-29 09:09:16.967699+00:00,97.0,11.15,858.6,4.91,2.93,-9.58,25.0,-0.01,0.01,0.0,1.1,77.0,124066.0,129.340893,775.364988,15.25,65199.0,-152.86,10.0,1.54,32.81,149.51
2025-12-29 09:09:20.496654+00:00,97.0,11.18,858.6,4.89,2.89,-9.63,25.0,-0.02,0.01,0.0,1.1,79.0,124001.0,129.340893,775.364988,14.96,65172.0,-153.07,10.0,1.54,32.91,152.5
2025-12-29 09:09:23.931423+00:00,98.0,11.16,858.6,4.94,2.91,-9.57,25.0,-0.02,0.0,0.0,1.1,74.0,124082.0,129.340893,775.364988,15.13,65198.0,-152.67,10.0,1.54,32.77,168.9
2025-12-29 09:09:27.395798+00:00,97.0,11.15,862.8,4.99,2.89,-9.54,25.0,-0.02,0.01,0.01,1.34,73.0,124067.0,129.340751,775.365154,15.0,65177.0,-152.39,10.0,0.28,32.77,158.94
2025-12-29 09:09:30.888229+00:00,97.0,11.07,863.0,4.89,2.89,-9.5,25.0,-0.02,0.0,0.01,1.1,79.0,124043.0,129.340751,775.365154,15.11,65178.0,-152.76,10.0,0.28,32.77,172.23
2025-12-29 09:09:34.164290+00:00,97.0,11.16,863.1,4.86,2.89,-9.62,25.0,-0.01,-0.0,0.01,1.34,79.0,123995.0,129.340818,775.365211,15.03,65153.0,-153.21,10.0,1.28,33.0,-158.96
2025-12-29 09:09:37.637742+00:00,98.0,11.12,862.8,4.95,2.93,-9.51,25.0,-0.01,0.01,0.01,1.34,73.0,124014.0,129.340843,775.365166,15.26,65121.0,-152.52,9.0,1.28,32.81,139.51
2025-12-29 09:09:41.116201+00:00,98.0,11.06,862.8,4.95,2.92,-9.45,25.0,-0.02,0.01,0.01,1.34,76.0,123987.0,129.340843,775.365166,15.3,65132.0,-152.37,9.0,1.28,32.95,150.91
2025-12-29 09:09:44.816321+00:00,97.0,11.13,861.8,4.9,3.0,-9.54,25.0,-0.02,0.01,0.0,1.2,70.0,124075.0,129.340896,775.365096,15.62,65133.0,-152.82,9.0,1.28,32.91,149.62
2025-12-29 09:09:47.891099+00:00,97.0,11.13,861.8,4.89,2.94,-9.56,25.0,-0.01,0.01,0.01,1.2,71.0,124030.0,129.340896,775.365096,15.3,65164.0,-152.88,9.0,1.28,32.81,149.19
2025-12-29 09:09:51.357899+00:00,97.0,11.11,861.8,4.92,2.95,-9.51,25.0,-0.01,0.01,0.0,1.1,79.0,123985.0,129.340858,775.365081,15.42,65105.0,-152.66,10.0,1.26,32.81,158.93
2025-12-29 09:09:55.045486+00:00,96.0,11.14,861.8,4.84,2.89,-9.61,25.0,-0.02,0.01,0.01,1.1,79.0,124054.0,129.340858,775.365081,15.05,65170.0,-153.28,10.0,1.26,32.77,158.31
2025-12-29 09:09:58.738861+00:00,96.0,11.13,861.5,4.83,2.92,-9.59,25.0,-0.02,0.01,0.0,1.34,73.0,124040.0,129.34083,775.365039,15.21,65112.0,-153.27,10.0,0.93,32.86,146.86
2025-12-29 09:10:02.222588+00:00,95.0,11.17,861.5,4.94,2.91,-9.58,25.0,-0.02,0.01,0.0,1.34,73.0,124010.0,129.34083,775.365039,15.12,65097.0,-152.71,10.0,0.93,32.86,145.41
2025-12-29 09:10:05.918870+00:00,95.0,11.11,861.5,4.93,2.9,-9.52,25.0,-0.02,0.0,0.01,1.34,77.0,123999.0,129.34083,775.365039,15.16,65106.0,-152.63,10.0,0.93,32.86,171.09
2025-12-29 09:10:09.596212+00:00,97.0,11.09,860.4,4.88,2.89,-9.53,25.0,-0.02,0.01,0.0,1.34,73.0,124003.0,129.34089,775.364875,15.11,65117.0,-152.88,9.0,0.37,32.77,145.01
2025-12-29 09:10:13.485633+00:00,96.0,11.13,860.4,4.98,2.93,-9.52,25.0,-0.02,0.01,0.0,1.34,73.0,123973.0,129.34089,775.364875,15.25,65113.0,-152.41,9.0,0.37,32.95,152.76
2025-12-29 09:10:17.419854+00:00,95.0,11.09,860.4,4.91,2.94,-9.5,25.0,-0.02,0.0,0.01,1.34,78.0,124030.0,129.34089,775.364875,15.35,65132.0,-152.69,9.0,0.37,32.81,174.7
2025-12-29 09:10:21.279366+00:00,97.0,11.07,860.2,4.91,2.95,-9.47,25.0,-0.02,0.01,0.01,1.1,74.0,123950.0,129.340855,775.364778,15.48,65099.0,-152.58,10.0,0.78,32.72,161.69
2025-12-29 09:10:24.951595+00:00,95.0,11.14,859.8,4.92,2.97,-9.55,25.0,-0.01,-0.0,0.0,1.1,78.0,123975.0,129.340838,775.364665,15.48,65112.0,-152.73,10.0,0.15,32.81,-174.96
2025-12-29 09:10:28.661209+00:00,97.0,11.01,859.8,4.92,2.91,-9.41,25.0,-0.02,0.01,0.01,1.1,76.0,123985.0,129.340815,775.364556,15.32,65081.0,-152.38,10.0,0.04,32.81,149.86
2025-12-29 09:10:32.130006+00:00,98.0,11.11,859.8,5.02,2.97,-9.46,25.0,-0.02,0.01,0.0,23.0,77.0,124012.0,4.5,3.833333,15.5,65059.0,-152.04,117.0,0.04,32.86,160.61
2025-12-29 09:10:35.602867+00:00,97.0,11.17,860.3,4.84,2.97,-9.62,25.0,-0.01,0.0,-0.0,1.1,73.0,124919.0,129.340759,775.364406,15.4,69494.0,-153.28,10.0,1.22,32.95,159.44
2025-12-29 09:10:39.078981+00:00,95.0,10.93,860.3,1.98,4.23,-9.88,25.0,0.34,-0.15,0.07,1.1,71.0,125587.0,129.340759,775.364406,22.77,70144.0,-168.68,10.0,1.22,32.91,-23.75
2025-12-29 09:10:43.003065+00:00,97.0,10.95,859.6,1.94,4.15,-9.95,25.0,0.34,-0.15,0.07,1.1,73.0,127097.0,129.340738,775.364533,22.25,69103.0,-168.98,10.0,1.33,32.91,-23.51
2025-12-29 09:10:46.875731+00:00,95.0,9.43,859.6,2.93,-1.96,-8.75,25.0,-0.59,-0.23,-0.42,1.1,74.0,127770.0,129.340738,775.364533,-11.99,67802.0,-161.46,10.0,1.33,32.91,-158.61
2025-12-29 09:10:50.594319+00:00,96.0,11.08,859.6,-1.86,-2.32,-10.67,25.0,-0.02,0.0,-0.0,1.1,73.0,127591.0,129.340738,775.364533,-12.07,67532.0,170.11,10.0,1.33,32.91,172.07
2025-12-29 09:10:54.442590+00:00,96.0,11.06,859.6,-2.22,-2.33,-10.58,25.0,-0.01,-0.03,0.01,1.1,70.0,126497.0,129.340738,775.364533,-12.14,66767.0,168.16,10.0,1.33,32.91,-111.58
2025-12-29 09:10:57.948848+00:00,95.0,10.7,858.8,-1.78,-2.23,-10.32,25.0,0.15,-0.22,0.08,1.63,70.0,126490.0,129.340785,775.364448,-12.04,66823.0,170.2,9.0,1.33,32.91,-55.98
2025-12-29 09:11:01.619179+00:00,96.0,10.68,857.8,-1.82,-2.24,-10.28,25.0,0.15,-0.21,0.07,1.63,72.0,126202.0,129.340826,775.364481,-12.11,66667.0,169.94,9.0,0.33,32.91,-54.44
2025-12-29 09:11:05.181744+00:00,96.0,11.0,857.8,-3.38,-2.2,-10.24,25.0,-0.13,-0.19,-0.01,1.63,75.0,126357.0,129.340826,775.364481,-11.53,66824.0,161.73,9.0,0.33,32.91,-124.67
2025-12-29 09:11:08.792065+00:00,95.0,10.99,855.4,-2.65,-2.32,-10.41,25.0,-0.02,0.01,0.0,1.63,79.0,126369.0,129.340953,775.364488,-12.19,66831.0,165.73,8.0,0.41,32.95,153.62
2025-12-29 09:11:12.493423+00:00,96.0,11.01,855.4,-2.72,-2.26,-10.43,25.0,-0.02,0.0,0.0,1.63,75.0,125976.0,129.340953,775.364488,-11.84,66517.0,165.41,8.0,0.41,32.91,171.52
2025-12-29 09:11:15.963344+00:00,97.0,10.84,855.4,-2.0,-2.32,-10.39,25.0,0.04,-0.28,0.09,1.63,72.0,126120.0,129.340953,775.364488,-12.39,66419.0,169.12,8.0,0.41,32.91,-82.67
2025-12-29 09:11:19.446195+00:00,95.0,11.7,855.6,-4.17,-2.54,-10.64,25.0,-0.03,0.14,-0.07,1.3,70.0,126269.0,129.340935,775.364553,-12.52,66814.0,158.61,9.0,0.35,33.0,102.3
2025-12-29 09:11:22.932643+00:00,97.0,10.99,855.4,-2.72,-2.34,-10.39,25.0,-0.02,0.0,0.0,1.63,79.0,126037.0,129.340945,775.364573,-12.3,66514.0,165.32,8.0,0.35,32.91,164.56
2025-12-29 09:11:26.395209+00:00,98.0,10.82,855.0,-1.88,-2.07,-10.45,25.0,0.07,-0.14,0.05,1.3,74.0,126200.0,129.340963,775.364595,-11.05,66787.0,169.79,9.0,0.17,32.81,-64.72
2025-12-29 09:11:30.329066+00:00,96.0,11.03,855.0,-2.76,-2.29,-10.43,25.0,-0.02,0.01,0.01,1.3,76.0,126272.0,129.340963,775.364595,-11.99,66792.0,165.18,9.0,0.17,32.91,152.69
2025-12-29 09:11:33.785940+00:00,97.0,11.03,854.3,-2.77,-2.39,-10.41,25.0,-0.02,-0.0,0.0,1.63,72.0,126721.0,129.340961,775.364589,-12.49,67096.0,165.13,10.0,0.13,32.91,-174.97
2025-12-29 09:11:37.459686+00:00,97.0,11.09,854.3,-4.48,-2.2,-9.9,25.0,-0.13,-0.84,0.08,1.63,70.0,126577.0,129.340878,775.36461,-11.43,66941.0,155.65,10.0,1.06,32.91,-98.98
2025-12-29 09:11:40.941759+00:00,97.0,10.86,855.2,-3.43,-2.36,-10.03,25.0,-0.02,0.0,0.01,1.63,79.0,126573.0,129.340875,775.364598,-12.57,66931.0,161.14,10.0,1.06,32.95,172.34
2025-12-29 09:11:44.626358+00:00,97.0,10.88,854.4,-3.39,-2.32,-10.07,25.0,-0.02,0.0,0.0,1.34,77.0,126471.0,129.34091,775.364533,-12.29,66860.0,161.37,9.0,0.24,32.86,167.47
2025-12-29 09:11:48.511447+00:00,98.0,10.86,854.4,-3.49,-2.31,-10.02,25.0,-0.02,0.01,0.0,1.34,77.0,126012.0,129.34091,775.364533,-12.27,66412.0,160.8,9.0,0.24,32.86,158.01
2025-12-29 09:11:52.400480+00:00,98.0,10.98,854.4,-4.45,-2.1,-9.82,25.0,-0.13,-0.05,-0.04,1.34,70.0,126299.0,129.34091,775.364533,-11.02,66465.0,155.62,9.0,0.24,32.91,-159.58
2025-12-29 09:11:55.881728+00:00,96.0,11.44,854.4,-5.18,-2.66,-9.84,25.0,-0.01,0.11,-0.1,1.34,76.0,126151.0,129.340918,775.364356,-13.46,66425.0,152.23,9.0,0.43,32.95,92.94
2025-12-29 09:11:59.373248+00:00,98.0,11.32,854.4,-3.08,-2.21,-10.66,25.0,-0.06,-0.2,0.08,1.34,78.0,126463.0,129.340918,775.364356,-11.26,66733.0,163.88,9.0,0.43,32.95,-106.33
2025-12-29 09:12:03.076337+00:00,97.0,11.01,854.4,-3.47,-2.38,-10.17,25.0,-0.02,0.01,0.0,1.34,79.0,126403.0,129.340918,775.364356,-12.46,66730.0,161.16,9.0,0.43,32.91,156.5
2025-12-29 09:12:06.737670+00:00,95.0,10.86,854.5,-3.39,-2.28,-10.06,25.0,-0.02,0.01,0.0,1.34,75.0,126363.0,129.3408,775.364306,-12.12,66663.0,161.41,9.0,0.13,32.86,161.31
2025-12-29 09:12:10.277942+00:00,95.0,10.92,854.5,-3.4,-2.26,-10.13,25.0,-0.02,0.0,0.0,1.34,76.0,126420.0,129.3408,775.364306,-11.93,66697.0,161.43,9.0,0.13,32.91,164.12
2025-12-29 09:12:14.108534+00:00,97.0,10.96,854.3,-3.45,-2.31,-10.14,25.0,-0.02,0.0,0.0,1.34,78.0,126305.0,129.340803,775.364281,-12.19,66670.0,161.21,9.0,0.46,32.91,178.01
2025-12-29 09:12:18.009401+00:00,97.0,10.97,853.9,-3.37,-2.29,-10.19,25.0,-0.01,0.0,0.0,1.34,75.0,126014.0,129.340833,775.364273,-12.04,66247.0,161.72,9.0,0.06,32.91,160.2
2025-12-29 09:12:21.078128+00:00,97.0,10.8,853.9,-2.77,-2.01,-10.24,25.0,-0.16,0.67,-0.15,1.34,75.0,126198.0,129.340833,775.364273,-10.73,66465.0,164.84,9.0,0.06,33.0,103.42
2025-12-29 09:12:24.149632+00:00,97.0,11.07,853.9,-3.23,-2.19,-10.36,25.0,-0.08,-0.14,0.04,1.34,79.0,126468.0,129.340833,775.364273,-11.4,66701.0,162.67,9.0,0.06,32.95,-120.64
2025-12-29 09:12:27.643697+00:00,97.0,10.88,853.9,-3.5,-2.23,-10.06,25.0,-0.02,0.01,0.0,1.34,70.0,126443.0,129.340833,775.364273,-11.81,66679.0,160.8,9.0,0.06,32.91,154.82
2025-12-29 09:12:31.339071+00:00,96.0,10.9,853.9,-3.45,-2.28,-10.08,25.0,-0.02,0.0,0.0,1.34,76.0,126421.0,129.340833,775.364273,-12.1,66647.0,161.1,9.0,0.06,33.0,166.87
2025-12-29 09:12:34.796244+00:00,96.0,10.9,848.9,-3.4,-2.29,-10.1,25.0,-0.01,0.0,0.0,1.11,75.0,126328.0,129.341145,775.364371,-12.15,66622.0,161.39,10.0,0.65,32.91,167.91
2025-12-29 09:12:38.506299+00:00,96.0,10.93,848.9,-3.46,-2.32,-10.11,25.0,-0.01,0.0,0.0,1.11,79.0,126306.0,129.341253,775.364376,-12.24,66561.0,161.11,10.0,0.48,32.86,173.53
2025-12-29 09:12:42.186040+00:00,98.0,10.91,845.5,-3.45,-2.37,-10.07,25.0,-0.01,0.01,0.0,1.34,77.0,126248.0,129.341351,775.364356,-12.54,66540.0,161.09,10.0,0.33,32.91,157.3
2025-12-29 09:12:45.864001+00:00,96.0,10.91,844.9,-3.44,-2.32,-10.09,25.0,-0.01,0.0,0.0,1.11,76.0,126326.0,129.34138,775.364321,-12.28,66581.0,161.2,10.0,0.37,32.91,170.87
2025-12-29 09:12:49.547707+00:00,98.0,10.91,844.2,-3.52,-2.28,-10.07,25.0,-0.02,-0.0,0.0,1.34,78.0,126382.0,129.34142,775.364293,-12.09,66578.0,160.74,10.0,0.28,32.95,-173.94
2025-12-29 09:12:53.034128+00:00,97.0,10.88,844.0,-3.44,-2.22,-10.08,25.0,-0.02,-0.0,0.0,1.34,79.0,126113.0,129.34142,775.364301,-11.78,66463.0,161.18,9.0,0.28,32.91,-174.84
2025-12-29 09:12:56.707620+00:00,96.0,10.44,843.6,-2.39,-2.07,-9.95,25.0,0.05,-0.1,0.04,1.34,74.0,126078.0,129.341421,775.364293,-11.44,66393.0,166.48,10.0,0.37,32.86,-64.54
2025-12-29 09:13:00.255462+00:00,98.0,10.89,843.6,-4.05,-2.29,-9.84,25.0,-0.1,-0.32,0.03,1.34,79.0,126200.0,129.34141,775.364301,-12.12,66450.0,157.63,10.0,0.41,32.91,-107.33
2025-12-29 09:13:03.664829+00:00,95.0,11.01,843.8,-3.71,-2.27,-10.12,25.0,-0.1,-0.27,0.04,1.34,72.0,126355.0,129.34141,775.364301,-11.88,66591.0,159.85,9.0,0.41,32.91,-110.68
2025-12-29 09:13:07.368503+00:00,98.0,10.87,843.8,-3.36,-2.26,-10.08,25.0,-0.02,0.01,0.0,1.34,75.0,126280.0,129.34141,775.364301,-12.02,66549.0,161.55,9.0,0.41,32.95,144.21
2025-12-29 09:13:10.855043+00:00,98.0,11.01,843.8,-3.45,-2.33,-10.19,25.0,-0.02,-0.0,0.0,1.37,77.0,126499.0,129.341371,775.364263,-12.2,66642.0,161.27,8.0,0.41,33.0,-169.74
2025-12-29 09:13:14.526362+00:00,97.0,10.9,844.5,-3.51,-2.26,-10.07,25.0,-0.02,0.0,0.0,1.91,79.0,126359.0,129.341265,775.36427,-11.96,66595.0,160.8,9.0,0.41,32.95,174.92
2025-12-29 09:13:18.432603+00:00,96.0,10.84,844.5,-3.45,-2.32,-10.01,25.0,-0.02,0.01,0.0,1.91,77.0,126208.0,129.341265,775.36427,-12.33,66534.0,160.98,9.0,0.41,32.91,152.73
2025-12-29 09:13:22.155226+00:00,96.0,10.86,844.3,-3.43,-2.28,-10.05,25.0,-0.02,0.0,0.0,1.91,77.0,126288.0,129.341271,775.364261,-12.1,66561.0,161.14,9.0,0.2,33.0,166.32
2025-12-29 09:13:25.381973+00:00,95.0,10.8,844.3,-3.42,-2.22,-10.0,25.0,-0.02,-0.01,0.0,1.91,74.0,126264.0,129.341181,775.364193,-11.84,66559.0,161.12,9.0,0.5,33.0,-156.86
2025-12-29 09:13:29.063966+00:00,96.0,10.94,844.3,-3.49,-2.26,-10.12,25.0,-0.01,0.0,0.01,1.91,70.0,126225.0,129.341181,775.364193,-11.91,66558.0,160.99,9.0,0.5,32.86,166.41
2025-12-29 09:13:32.766434+00:00,98.0,10.91,847.1,-3.48,-2.27,-10.09,25.0,-0.01,0.01,-0.0,1.34,77.0,126190.0,129.3411,775.364133,-12.02,66504.0,160.99,10.0,0.07,32.91,160.1
2025-12-29 09:13:36.451835+00:00,98.0,10.78,847.1,-3.48,-2.25,-9.95,25.0,-0.01,-0.0,0.0,1.34,78.0,126170.0,129.3411,775.364133,-12.05,66489.0,160.72,10.0,0.07,32.86,-158.75
2025-12-29 09:13:40.398352+00:00,98.0,10.92,847.4,-3.46,-2.3,-10.1,25.0,-0.02,0.01,0.0,1.34,72.0,126182.0,129.341111,775.364168,-12.16,66516.0,161.09,10.0,0.07,32.91,151.25
2025-12-29 09:13:43.427413+00:00,96.0,10.93,848.0,-3.51,-2.35,-10.08,25.0,-0.01,0.01,0.0,1.11,77.0,126231.0,129.341095,775.364188,-12.41,66510.0,160.77,10.0,0.19,32.86,159.1
2025-12-29 09:13:46.878922+00:00,96.0,10.92,848.0,-3.46,-2.26,-10.11,25.0,-0.02,0.0,0.0,1.11,77.0,126189.0,129.341095,775.364188,-11.96,66511.0,161.09,10.0,0.19,32.86,171.08
2025-12-29 09:13:50.410116+00:00,95.0,10.93,848.0,-3.48,-2.21,-10.12,25.0,-0.01,0.0,0.01,1.11,75.0,126131.0,129.341095,775.364188,-11.7,66511.0,161.0,10.0,0.19,32.91,169.89
2025-12-29 09:13:53.664853+00:00,98.0,10.93,848.0,-3.53,-2.29,-10.09,25.0,-0.02,0.0,0.0,1.11,75.0,126127.0,129.341095,775.364188,-12.1,66495.0,160.69,10.0,0.19,32.86,174.2
2025-12-29 09:13:56.925235+00:00,96.0,10.84,848.0,-3.53,-2.32,-9.99,25.0,-0.02,0.01,0.0,1.11,72.0,126098.0,129.341095,775.364188,-12.34,66518.0,160.51,10.0,0.19,32.81,149.27
2025-12-29 09:14:00.609156+00:00,96.0,10.94,848.3,-3.54,-2.32,-10.09,25.0,-0.02,0.01,0.0,1.34,71.0,126097.0,129.341135,775.364323,-12.27,66467.0,160.66,10.0,0.13,32.91,139.97
2025-12-29 09:14:04.515024+00:00,95.0,10.85,848.3,-3.53,-2.29,-10.01,25.0,-0.02,-0.0,0.0,1.34,73.0,126210.0,129.341135,775.364323,-12.19,66490.0,160.56,10.0,0.13,32.86,-178.06
2025-12-29 09:14:08.194176+00:00,95.0,10.94,848.1,-3.53,-2.3,-10.09,25.0,-0.02,0.01,0.0,1.37,73.0,126229.0,129.341145,775.364333,-12.12,66490.0,160.71,9.0,0.48,32.86,153.43
2025-12-29 09:14:11.462188+00:00,97.0,10.93,848.4,-3.46,-2.28,-10.11,25.0,-0.01,-0.0,0.0,1.14,70.0,126177.0,129.341158,775.364313,-12.04,66535.0,161.11,10.0,0.15,32.91,-161.91
2025-12-29 09:14:15.161954+00:00,97.0,10.9,848.4,-3.5,-2.31,-10.06,25.0,-0.02,0.0,0.0,1.14,72.0,126340.0,129.341158,775.364313,-12.21,66525.0,160.8,10.0,0.15,32.91,176.01
2025-12-29 09:14:18.421706+00:00,98.0,10.92,848.4,-3.56,-2.29,-10.06,25.0,-0.02,0.0,0.0,1.14,73.0,126257.0,129.341173,775.36429,-12.13,66490.0,160.49,10.0,0.2,32.86,179.05
2025-12-29 09:14:21.496753+00:00,98.0,10.92,848.4,-3.57,-2.29,-10.06,25.0,-0.02,0.0,0.0,1.14,73.0,126147.0,129.341173,775.36429,-12.09,66758.0,160.46,10.0,0.2,32.86,164.38
2025-12-29 09:14:24.993760+00:00,97.0,11.29,848.4,-1.1,-2.28,-11.0,25.0,-0.01,-0.06,-0.0,1.14,75.0,127043.0,129.341173,775.36429,-11.64,66923.0,174.28,10.0,0.2,32.95,-102.32
2025-12-29 09:14:28.889819+00:00,97.0,11.05,849.6,-1.11,-2.42,-10.72,25.0,-0.01,0.0,0.0,1.11,78.0,126985.0,129.341146,775.364285,-12.66,66822.0,174.07,10.0,0.31,32.91,169.11
2025-12-29 09:14:32.349384+00:00,96.0,11.16,849.6,-1.17,-2.43,-10.83,25.0,-0.01,0.01,-0.0,1.11,76.0,126779.0,129.341146,775.364285,-12.6,66740.0,173.84,10.0,0.31,32.95,156.64
2025-12-29 09:14:36.276813+00:00,95.0,11.09,849.6,-1.2,-2.42,-10.75,25.0,-0.01,0.01,0.0,1.11,74.0,126739.0,129.341146,775.364285,-12.6,66745.0,173.61,10.0,0.31,32.77,150.62
2025-12-29 09:14:39.738306+00:00,97.0,11.09,850.8,-1.16,-2.41,-10.76,25.0,-0.01,-0.0,0.0,1.34,79.0,126613.0,129.34104,775.364343,-12.57,66690.0,173.83,10.0,0.74,32.86,-177.56
2025-12-29 09:14:43.828691+00:00,95.0,11.13,850.8,-1.13,-2.41,-10.81,25.0,-0.02,0.0,0.0,1.34,76.0,125826.0,129.34104,775.364343,-12.49,66319.0,174.06,10.0,0.74,32.91,164.9
2025-12-29 09:14:47.320432+00:00,95.0,11.15,850.0,-0.38,-2.37,-10.89,25.0,-0.02,-0.33,0.05,1.77,70.0,126166.0,129.341016,775.364336,-12.28,66409.0,178.0,8.0,0.74,32.81,-94.11
2025-12-29 09:14:51.011261+00:00,96.0,11.0,850.0,-0.46,-2.34,-10.74,25.0,0.06,-0.22,0.03,1.77,74.0,126389.0,129.341016,775.364336,-12.27,66569.0,177.54,8.0,0.74,32.91,-75.01
2025-12-29 09:14:54.688052+00:00,95.0,11.14,850.8,-1.05,-2.44,-10.82,25.0,-0.01,0.0,0.0,1.37,75.0,126331.0,129.340996,775.364366,-12.63,66548.0,174.44,8.0,0.28,32.81,170.62
2025-12-29 09:14:57.962803+00:00,96.0,11.1,850.8,-1.21,-2.48,-10.75,25.0,-0.02,0.0,0.0,1.37,76.0,126275.0,129.340996,775.364366,-12.89,66454.0,173.58,8.0,0.28,32.91,169.86
2025-12-29 09:15:01.850299+00:00,95.0,11.12,852.1,-1.13,-2.42,-10.79,25.0,-0.01,0.0,0.0,1.64,77.0,126373.0,129.34098,775.364419,-12.59,66488.0,174.0,10.0,0.13,32.95,161.72
2025-12-29 09:15:05.336259+00:00,96.0,11.17,852.1,-1.17,-2.37,-10.85,25.0,-0.01,0.01,-0.0,1.64,78.0,126438.0,129.34098,775.364419,-12.27,66502.0,173.87,10.0,0.13,32.81,146.9
2025-12-29 09:15:09.222573+00:00,96.0,11.11,852.4,-1.19,-2.39,-10.79,25.0,-0.02,0.0,0.0,1.64,72.0,126349.0,129.340993,775.36451,-12.41,66461.0,173.7,10.0,0.19,32.81,167.42
2025-12-29 09:15:12.892646+00:00,95.0,11.21,852.4,-1.14,-2.44,-10.88,25.0,-0.02,0.0,0.0,1.64,71.0,125951.0,129.34096,775.364506,-12.59,66176.0,174.02,10.0,0.28,32.86,166.57
2025-12-29 09:15:16.605560+00:00,96.0,11.18,852.4,-0.28,-2.49,-10.9,25.0,0.0,0.04,0.01,1.64,70.0,126508.0,129.340933,775.364475,-12.87,66699.0,178.52,10.0,0.31,32.81,89.28
2025-12-29 09:15:20.327903+00:00,97.0,11.16,852.6,-5.52,-2.57,-9.35,25.0,0.16,1.37,-0.09,1.12,77.0,126261.0,129.340933,775.364475,-13.31,66455.0,149.44,10.0,0.31,32.91,83.35
2025-12-29 09:15:23.959007+00:00,96.0,10.9,848.5,-3.19,-2.44,-10.13,25.0,-0.02,-0.01,0.01,1.12,78.0,126218.0,129.341,775.36444,-12.94,66417.0,162.53,10.0,0.28,32.91,-142.75
2025-12-29 09:15:27.244210+00:00,98.0,11.0,848.5,-3.09,-2.45,-10.26,25.0,-0.02,0.0,0.01,1.12,78.0,126135.0,129.341075,775.36436,-12.86,66362.0,163.23,10.0,0.26,32.95,179.05
2025-12-29 09:15:30.528122+00:00,97.0,10.99,848.5,-3.1,-2.38,-10.28,25.0,-0.01,0.01,0.0,1.12,72.0,126039.0,129.341075,775.36436,-12.49,66346.0,163.22,10.0,0.26,32.91,153.9
2025-12-29 09:15:33.794513+00:00,97.0,10.9,848.5,-3.14,-2.4,-10.16,25.0,-0.02,0.0,0.0,1.12,74.0,125807.0,129.341075,775.36436,-12.73,66058.0,162.84,10.0,0.26,32.91,177.51
2025-12-29 09:15:37.079152+00:00,97.0,11.11,847.5,-2.66,-2.66,-10.45,25.0,-0.0,0.02,0.01,1.12,79.0,126279.0,129.341156,775.364291,-13.88,66386.0,165.74,10.0,0.31,32.95,96.93
2025-12-29 09:15:40.615299+00:00,98.0,11.04,848.3,-2.48,-2.57,-10.45,25.0,-0.01,-0.01,0.01,1.12,76.0,126406.0,129.341161,775.364283,-13.48,66419.0,166.67,10.0,0.31,32.81,-159.0
2025-12-29 09:15:44.445103+00:00,97.0,10.93,848.3,-2.65,-2.56,-10.29,25.0,-0.01,0.0,0.0,1.12,78.0,126341.0,129.341161,775.364283,-13.55,66473.0,165.55,10.0,0.31,32.81,169.14
2025-12-29 09:15:47.923441+00:00,98.0,11.03,849.8,-2.67,-2.5,-10.4,25.0,-0.01,-0.03,0.01,1.12,77.0,126497.0,129.341163,775.364263,-13.1,66516.0,165.62,10.0,0.13,32.91,-108.43
2025-12-29 09:15:51.405771+00:00,95.0,11.02,850.2,-2.64,-2.57,-10.38,25.0,-0.02,0.0,0.0,1.12,76.0,126293.0,129.34116,775.364301,-13.51,66465.0,165.74,10.0,0.09,32.77,165.21
2025-12-29 09:15:55.314868+00:00,95.0,11.11,850.7,-2.6,-2.46,-10.52,25.0,-0.02,0.01,-0.0,1.12,71.0,126140.0,129.341133,775.364313,-12.77,66429.0,166.09,10.0,0.09,32.86,145.32
2025-12-29 09:15:58.987786+00:00,97.0,11.05,850.9,-2.72,-2.56,-10.4,25.0,-0.01,-0.01,0.0,1.12,72.0,126262.0,129.341123,775.364336,-13.42,66421.0,165.36,10.0,0.48,32.95,-151.76
2025-12-29 09:16:02.880135+00:00,95.0,11.07,850.9,-2.62,-2.52,-10.46,25.0,-0.02,-0.01,0.01,1.12,75.0,125944.0,129.341115,775.364383,-13.13,66313.0,165.96,10.0,0.19,32.91,-157.8
2025-12-29 09:16:06.154063+00:00,96.0,11.04,850.9,-2.55,-2.47,-10.45,25.0,-0.02,0.0,-0.0,1.12,76.0,126065.0,129.341115,775.364383,-12.92,66394.0,166.28,10.0,0.19,32.91,177.81
2025-12-29 09:16:09.644099+00:00,96.0,10.88,850.9,-2.63,-2.46,-10.27,25.0,-0.01,0.0,0.0,1.12,71.0,125972.0,129.341115,775.364383,-13.09,66414.0,165.65,10.0,0.19,32.95,165.49
2025-12-29 09:16:12.925204+00:00,95.0,11.09,850.9,-2.69,-2.5,-10.47,25.0,-0.02,0.01,0.0,1.12,75.0,125885.0,129.341115,775.364383,-13.02,66395.0,165.6,10.0,0.19,32.91,156.63
2025-12-29 09:16:16.601936+00:00,98.0,11.03,851.8,-2.74,-2.49,-10.39,0.0,-0.02,-0.0,0.0,1.14,70.0,125931.0,129.341071,775.364419,-13.06,66331.0,165.24,10.0,0.8,32.91,-174.85
2025-12-29 09:16:19.874350+00:00,97.0,10.96,851.8,-2.62,-2.56,-10.33,0.0,-0.02,0.01,0.0,1.14,78.0,126067.0,129.341071,775.364419,-13.53,66394.0,165.75,10.0,0.8,32.91,160.35
2025-12-29 09:16:23.341637+00:00,95.0,10.96,852.4,-2.7,-2.53,-10.32,0.0,-0.02,0.01,0.0,1.14,73.0,125821.0,129.341036,775.364426,-13.33,66288.0,165.36,9.0,0.13,32.86,161.7
2025-12-29 09:16:27.256094+00:00,97.0,11.08,852.4,-2.24,-2.54,-10.55,0.0,-0.01,-0.07,0.02,1.14,72.0,125954.0,129.341036,775.364426,-13.26,66362.0,168.0,9.0,0.13,32.81,-98.22
2025-12-29 09:16:31.177425+00:00,98.0,11.06,852.4,-2.57,-2.51,-10.46,0.0,-0.02,0.01,0.0,1.14,76.0,126075.0,129.341036,775.364426,-13.1,66375.0,166.17,9.0,0.13,32.91,149.31
2025-12-29 09:16:34.826594+00:00,97.0,11.06,852.4,-2.52,-2.54,-10.47,0.0,-0.02,0.01,0.0,1.14,73.0,125958.0,129.341095,775.364485,-13.29,66351.0,166.44,9.0,0.3,32.95,157.29
2025-12-29 09:16:38.716680+00:00,95.0,11.03,852.4,-2.59,-2.45,-10.44,0.0,-0.01,0.01,-0.0,1.14,70.0,126011.0,129.341095,775.364485,-12.82,66361.0,166.07,9.0,0.3,32.91,155.32
2025-12-29 09:16:42.195313+00:00,98.0,11.05,852.4,-2.56,-2.51,-10.45,0.0,-0.02,0.0,0.0,1.14,75.0,125949.0,129.341095,775.364485,-13.14,66310.0,166.24,9.0,0.3,32.95,168.09
2025-12-29 09:16:45.887168+00:00,98.0,11.07,852.4,-2.43,-2.48,-10.51,0.0,-0.02,-0.0,0.0,1.14,73.0,125907.0,129.341095,775.364485,-12.93,66321.0,166.98,9.0,0.3,32.86,-161.87
2025-12-29 09:16:49.470006+00:00,98.0,11.11,852.4,-2.59,-2.52,-10.51,0.0,-0.01,0.01,0.0,1.14,73.0,125886.0,129.341095,775.364485,-13.09,66288.0,166.17,9.0,0.3,32.91,152.78
2025-12-29 09:16:52.836406+00:00,97.0,11.07,852.4,-2.59,-2.44,-10.48,0.0,-0.01,-0.0,0.0,1.14,72.0,125782.0,129.341095,775.364485,-12.72,66243.0,166.15,9.0,0.3,32.95,-172.87
2025-12-29 09:16:55.902893+00:00,97.0,10.97,851.5,-2.56,-2.51,-10.37,4.0,-0.02,0.0,0.01,1.14,73.0,125934.0,129.341238,775.364163,-13.21,66272.0,166.14,9.0,0.43,32.91,174.76
2025-12-29 09:16:58.972595+00:00,97.0,11.03,851.2,-2.55,-2.5,-10.44,4.0,-0.02,0.01,0.0,1.14,78.0,125881.0,129.341271,775.36412,-13.09,66268.0,166.27,9.0,0.61,32.95,162.29
2025-12-29 09:17:02.047921+00:00,98.0,11.07,851.6,-2.59,-2.5,-10.47,4.0,-0.01,-0.0,0.0,1.14,79.0,125778.0,129.341273,775.36413,-13.04,66269.0,166.13,9.0,0.61,32.95,-167.76
2025-12-29 09:17:05.131842+00:00,96.0,11.03,851.6,-2.53,-2.56,-10.42,4.0,-0.02,0.01,0.0,1.14,74.0,125864.0,129.341273,775.36413,-13.43,66287.0,166.35,9.0,0.61,32.86,158.52
2025-12-29 09:17:08.196090+00:00,95.0,11.0,851.6,-2.62,-2.46,-10.4,4.0,-0.02,0.0,0.0,1.14,74.0,125849.0,129.341273,775.36413,-12.92,66276.0,165.85,9.0,0.61,32.95,174.54
2025-12-29 09:17:11.283310+00:00,97.0,11.03,851.6,-2.58,-2.48,-10.43,4.0,-0.02,-0.0,0.0,1.14,78.0,125836.0,129.341273,775.36413,-12.99,66283.0,166.13,9.0,0.61,32.95,-171.42
2025-12-29 09:17:14.418701+00:00,95.0,10.92,851.6,-2.58,-2.45,-10.33,4.0,-0.02,0.01,-0.0,1.14,76.0,125884.0,129.341273,775.36413,-12.94,66338.0,165.96,9.0,0.61,32.95,159.16
2025-12-29 09:17:17.417511+00:00,95.0,10.96,851.6,-2.56,-2.5,-10.36,4.0,-0.02,-0.01,0.0,1.14,75.0,125966.0,129.341273,775.36413,-13.19,66316.0,166.11,9.0,0.61,32.86,-157.69
2025-12-29 09:17:20.495965+00:00,97.0,11.03,851.6,-2.56,-2.53,-10.43,4.0,-0.01,-0.01,0.0,1.14,72.0,125996.0,129.341273,775.36413,-13.26,66341.0,166.18,9.0,0.61,33.0,-160.8
2025-12-29 09:17:23.557381+00:00,97.0,10.99,851.6,-2.54,-2.48,-10.4,4.0,-0.02,0.0,0.0,1.14,70.0,125996.0,129.341405,775.36428,-13.05,66351.0,166.3,9.0,0.2,32.91,167.72
2025-12-29 09:17:26.637132+00:00,96.0,10.94,851.6,-2.49,-2.44,-10.37,4.0,-0.01,0.01,0.0,1.14,75.0,126059.0,129.341393,775.364296,-12.91,66405.0,166.48,9.0,0.13,32.91,135.27
2025-12-29 09:17:29.720476+00:00,97.0,11.0,849.5,-3.38,-2.46,-10.17,4.0,0.0,-0.15,0.04,1.15,77.0,125910.0,129.341413,775.364295,-12.94,66314.0,161.6,9.0,0.39,32.86,-88.26
2025-12-29 09:17:32.786272+00:00,95.0,10.94,849.2,-3.0,-2.45,-10.23,4.0,-0.01,0.01,0.0,1.12,72.0,125915.0,129.341433,775.364335,-12.93,66330.0,163.67,10.0,0.22,33.0,161.1
2025-12-29 09:17:35.862066+00:00,97.0,10.97,849.1,-2.94,-2.48,-10.27,4.0,-0.02,0.0,0.0,1.12,74.0,125849.0,129.341431,775.36433,-13.07,66291.0,164.03,10.0,0.3,32.86,169.66
2025-12-29 09:17:38.913823+00:00,97.0,10.92,849.0,-2.96,-2.42,-10.23,4.0,-0.01,0.0,0.0,1.12,71.0,125873.0,129.341428,775.36433,-12.81,66301.0,163.84,10.0,0.06,33.0,174.4
2025-12-29 09:17:41.988741+00:00,95.0,10.88,849.3,-2.94,-2.48,-10.18,4.0,-0.01,0.01,0.0,1.12,71.0,125890.0,129.341416,775.364353,-13.18,66298.0,163.9,10.0,0.17,32.91,145.15
2025-12-29 09:17:45.058054+00:00,95.0,10.95,849.3,-2.87,-2.46,-10.28,4.0,-0.01,0.0,-0.0,1.12,74.0,125863.0,129.341416,775.364353,-12.99,66341.0,164.42,10.0,0.17,32.91,175.15
2025-12-29 09:17:48.126999+00:00,96.0,10.98,848.9,-2.95,-2.48,-10.28,4.0,-0.02,0.01,0.0,1.12,77.0,125878.0,129.341436,775.364336,-13.07,66330.0,163.97,10.0,0.17,33.0,155.56
2025-12-29 09:17:51.200569+00:00,98.0,10.94,848.9,-2.97,-2.44,-10.24,4.0,-0.02,-0.0,0.0,1.12,70.0,125823.0,129.341436,775.364336,-12.9,66306.0,163.82,10.0,0.17,32.86,-174.72
2025-12-29 09:17:54.286388+00:00,97.0,10.98,848.9,-2.97,-2.41,-10.3,4.0,-0.02,0.0,0.0,1.12,78.0,125823.0,129.341436,775.364336,-12.67,66311.0,163.91,10.0,0.17,32.91,171.18
2025-12-29 09:17:57.759661+00:00,98.0,10.95,848.9,-2.96,-2.54,-10.23,4.0,-0.01,0.0,0.0,1.12,71.0,125914.0,129.341436,775.364336,-13.41,66330.0,163.85,10.0,0.17,32.91,173.96
2025-12-29 09:18:00.831869+00:00,97.0,10.93,848.4,-2.95,-2.47,-10.23,4.0,-0.02,0.0,0.0,1.12,77.0,126139.0,129.341431,775.364221,-13.08,66374.0,163.88,10.0,0.44,32.95,176.25
2025-12-29 09:18:03.899786+00:00,98.0,11.01,848.5,-2.94,-2.51,-10.31,4.0,-0.01,0.0,0.0,1.12,75.0,126178.0,129.341428,775.364201,-13.19,66369.0,164.07,10.0,0.43,32.91,162.9
2025-12-29 09:18:06.968054+00:00,96.0,10.99,849.5,-2.93,-2.51,-10.29,4.0,-0.02,0.01,0.0,1.12,71.0,126069.0,129.341313,775.364223,-13.22,66346.0,164.13,10.0,0.11,32.95,158.73
2025-12-29 09:18:10.145749+00:00,96.0,11.0,850.0,-3.01,-2.54,-10.28,4.0,-0.01,0.01,0.01,1.12,76.0,126224.0,129.341313,775.364223,-13.33,66379.0,163.66,10.0,0.11,32.81,146.84
2025-12-29 09:18:13.110116+00:00,97.0,10.96,850.0,-2.93,-2.38,-10.29,4.0,-0.01,0.0,0.0,1.12,78.0,126099.0,129.341313,775.364223,-12.55,66334.0,164.1,10.0,0.11,32.81,161.16
2025-12-29 09:18:16.194726+00:00,95.0,10.99,850.0,-3.0,-2.41,-10.3,4.0,-0.02,0.01,0.0,1.12,79.0,125933.0,129.341313,775.364223,-12.65,66228.0,163.73,10.0,0.11,32.86,142.35
2025-12-29 09:18:19.257034+00:00,96.0,11.06,850.0,-2.94,-2.47,-10.38,4.0,-0.01,-0.01,0.0,1.12,71.0,125985.0,129.341313,775.364223,-12.88,66293.0,164.19,10.0,0.11,32.86,-160.1
2025-12-29 09:18:22.334726+00:00,98.0,10.96,850.0,-2.94,-2.46,-10.27,4.0,-0.01,0.0,0.0,1.12,75.0,125956.0,129.341313,775.364223,-12.97,66345.0,164.0,10.0,0.11,32.91,176.76
2025-12-29 09:18:25.408705+00:00,96.0,10.86,850.0,-3.11,-2.52,-10.1,4.0,-0.02,0.0,0.0,1.12,77.0,126081.0,129.341313,775.364223,-13.4,66372.0,162.88,10.0,0.11,32.91,179.01
2025-12-29 09:18:28.476643+00:00,98.0,11.01,850.0,-2.12,-2.43,-10.53,4.0,-0.01,0.01,0.0,1.12,79.0,125963.0,129.341313,775.364223,-12.75,66274.0,168.62,10.0,0.11,32.91,159.39
2025-12-29 09:18:31.550928+00:00,98.0,11.08,850.0,-2.12,-2.42,-10.61,4.0,-0.01,0.03,0.01,1.12,78.0,126163.0,129.341313,775.364223,-12.63,66368.0,168.68,10.0,0.11,32.86,109.58
2025-12-29 09:18:34.628015+00:00,98.0,11.03,850.0,-2.06,-2.43,-10.56,4.0,-0.01,0.0,-0.0,1.12,78.0,126128.0,129.341118,775.364418,-12.7,66368.0,168.95,10.0,0.28,33.0,162.2
2025-12-29 09:18:37.751532+00:00,95.0,11.04,850.0,-2.06,-2.43,-10.57,4.0,-0.02,0.0,-0.0,1.12,77.0,126099.0,129.341106,775.364446,-12.73,66316.0,168.97,10.0,0.31,32.86,164.52
2025-12-29 09:18:40.834006+00:00,95.0,11.14,853.7,-2.05,-2.48,-10.67,4.0,-0.02,0.01,0.01,1.35,74.0,126045.0,129.341083,775.364496,-12.88,66299.0,169.1,10.0,0.78,33.0,159.61
2025-12-29 09:18:43.839037+00:00,96.0,10.96,854.1,-2.15,-2.41,-10.47,4.0,-0.02,0.0,0.0,1.35,72.0,125974.0,129.341055,775.36454,-12.72,66279.0,168.42,10.0,0.39,32.95,171.33
2025-12-29 09:18:46.918135+00:00,96.0,11.02,854.6,-2.08,-2.42,-10.55,4.0,-0.02,0.0,0.0,1.35,73.0,125914.0,129.341051,775.36458,-12.66,66296.0,168.86,10.0,0.24,32.86,174.17
2025-12-29 09:18:50.251431+00:00,95.0,11.02,855.1,-2.09,-2.47,-10.53,4.0,-0.01,0.02,-0.0,1.35,78.0,126214.0,129.341028,775.364648,-12.97,66580.0,168.77,10.0,0.17,32.86,128.07
2025-12-29 09:18:53.259974+00:00,97.0,10.84,855.6,-5.0,-2.29,-9.34,4.0,-0.01,-0.04,0.04,1.35,72.0,126225.0,129.340981,775.364668,-12.18,66374.0,151.85,10.0,0.17,32.91,-110.82
2025-12-29 09:18:56.336793+00:00,96.0,10.8,855.6,-3.27,-2.43,-10.0,4.0,-0.01,0.0,-0.0,1.35,73.0,126191.0,129.340981,775.364668,-12.98,66370.0,161.89,10.0,0.17,32.91,174.18
2025-12-29 09:18:59.401566+00:00,96.0,10.86,855.6,-3.26,-2.49,-10.05,4.0,-0.02,-0.0,0.0,1.35,77.0,126184.0,129.340981,775.364668,-13.23,66356.0,162.01,10.0,0.17,33.0,-173.44
2025-12-29 09:19:02.492086+00:00,98.0,10.96,855.6,-3.29,-2.41,-10.17,4.0,-0.01,0.0,0.0,1.35,75.0,126140.0,129.340981,775.364668,-12.69,66366.0,162.07,10.0,0.17,32.95,164.61
2025-12-29 09:19:05.749013+00:00,96.0,10.9,855.6,-3.25,-2.45,-10.11,4.0,-0.02,0.0,0.0,1.35,70.0,126025.0,129.340981,775.364668,-13.02,66307.0,162.15,10.0,0.17,32.91,166.79
2025-12-29 09:19:08.819613+00:00,97.0,10.89,855.6,-3.27,-2.52,-10.07,4.0,-0.02,0.0,0.0,1.35,75.0,126069.0,129.340966,775.364644,-13.4,66304.0,162.04,10.0,0.37,32.95,176.8
2025-12-29 09:19:11.920515+00:00,97.0,10.98,855.6,-3.3,-2.47,-10.18,4.0,-0.02,0.01,0.0,1.42,76.0,126066.0,129.340981,775.364611,-12.98,66272.0,162.01,9.0,0.13,32.91,158.96
2025-12-29 09:19:14.963198+00:00,95.0,10.9,855.9,-3.26,-2.41,-10.11,4.0,-0.02,0.0,0.0,1.42,76.0,125986.0,129.340928,775.364556,-12.8,66234.0,162.15,9.0,0.26,32.86,174.34
2025-12-29 09:19:18.031400+00:00,98.0,10.98,856.6,-3.35,-2.49,-10.15,4.0,-0.01,0.0,0.0,1.15,76.0,125979.0,129.340928,775.364556,-13.12,66246.0,161.72,9.0,0.26,33.0,162.03
2025-12-29 09:19:21.113129+00:00,97.0,10.97,856.9,-3.3,-2.43,-10.18,4.0,-0.01,-0.0,0.0,1.15,72.0,126052.0,129.340905,775.364533,-12.77,66260.0,162.04,9.0,0.26,32.95,-174.14
2025-12-29 09:19:24.181060+00:00,98.0,10.92,856.9,-3.26,-2.45,-10.13,4.0,-0.02,0.01,0.0,1.15,72.0,126002.0,129.340905,775.364533,-12.95,66256.0,162.16,9.0,0.26,33.0,150.26
2025-12-29 09:19:27.255453+00:00,97.0,10.94,856.9,-3.3,-2.45,-10.13,4.0,-0.01,0.0,-0.0,1.15,73.0,126290.0,129.340905,775.364533,-12.94,66632.0,161.94,9.0,0.26,32.95,165.83
2025-12-29 09:19:30.371007+00:00,95.0,10.68,856.9,-4.74,-2.18,-9.33,4.0,-0.08,-0.08,0.0,1.15,76.0,125980.0,129.340905,775.364533,-11.79,66319.0,153.08,9.0,0.26,32.91,-133.76
2025-12-29 09:19:33.399022+00:00,96.0,11.24,856.9,-3.18,-2.4,-10.51,4.0,-0.02,0.58,-0.03,1.15,79.0,126097.0,129.340905,775.364533,-12.34,66404.0,163.18,9.0,0.26,32.95,92.14
2025-12-29 09:19:36.467845+00:00,98.0,10.91,856.9,-3.46,-2.54,-10.02,4.0,-0.01,0.04,-0.02,1.15,78.0,125391.0,129.340905,775.364533,-13.44,65883.0,160.94,9.0,0.26,33.0,107.59
2025-12-29 09:19:39.558172+00:00,98.0,10.72,856.9,-3.28,-2.32,-9.94,4.0,-0.12,0.36,-0.11,1.15,71.0,125605.0,129.340905,775.364533,-12.52,66001.0,161.71,9.0,0.26,32.91,108.19
2025-12-29 09:19:42.628453+00:00,96.0,11.07,856.9,-3.68,-2.63,-10.1,4.0,-0.02,-0.03,0.03,1.15,71.0,125663.0,129.340876,775.364478,-13.75,66093.0,159.98,9.0,0.28,32.95,-120.34
2025-12-29 09:19:45.687969+00:00,95.0,10.9,856.9,-3.23,-2.46,-10.12,4.0,-0.02,0.0,0.0,1.15,74.0,125630.0,129.340891,775.364493,-13.03,66067.0,162.3,9.0,0.24,32.91,176.77
2025-12-29 09:19:48.761784+00:00,98.0,10.94,857.0,-3.14,-2.38,-10.21,4.0,-0.01,0.0,0.0,1.13,72.0,125635.0,129.340901,775.364531,-12.59,66096.0,162.91,10.0,0.2,32.86,160.2
2025-12-29 09:19:51.880102+00:00,98.0,10.86,856.9,-3.24,-2.43,-10.07,4.0,-0.02,0.0,0.0,1.15,77.0,125190.0,129.340913,775.364515,-12.92,65776.0,162.18,9.0,0.0,32.81,166.08
2025-12-29 09:19:54.938034+00:00,97.0,10.62,857.0,-2.63,-2.21,-10.05,4.0,-0.1,0.41,-0.11,1.13,75.0,125600.0,129.34093,775.364511,-12.01,66103.0,165.35,10.0,0.19,32.91,103.71
2025-12-29 09:19:57.997780+00:00,95.0,10.9,857.4,-3.16,-2.43,-10.14,4.0,-0.01,0.0,-0.0,1.13,73.0,125472.0,129.340878,775.36457,-12.9,65861.0,162.7,10.0,0.61,33.0,161.09
2025-12-29 09:20:01.473188+00:00,95.0,11.29,857.9,-2.28,-2.37,-10.8,4.0,-0.01,-0.2,0.1,1.13,73.0,125489.0,129.340878,775.36457,-12.13,66001.0,168.09,10.0,0.61,32.86,-91.96
2025-12-29 09:20:04.959123+00:00,95.0,11.01,857.9,-3.08,-2.43,-10.29,4.0,0.01,-0.03,0.03,1.13,79.0,125339.0,129.340878,775.36457,-12.74,65931.0,163.32,10.0,0.61,33.05,-59.48
2025-12-29 09:20:08.652498+00:00,96.0,10.9,856.4,-3.12,-2.49,-10.14,4.0,0.01,-0.07,0.04,1.13,72.0,125611.0,129.340949,775.364605,-13.21,66102.0,162.91,10.0,0.24,32.95,-83.55
2025-12-29 09:20:12.344601+00:00,97.0,10.95,856.3,-3.17,-2.49,-10.18,4.0,-0.02,0.0,-0.0,1.13,76.0,125635.0,129.340955,775.364625,-13.13,66117.0,162.68,10.0,0.24,32.91,166.08
2025-12-29 09:20:16.225617+00:00,97.0,10.99,855.4,-3.15,-2.5,-10.23,4.0,-0.02,0.0,0.0,1.13,77.0,125607.0,129.340998,775.364596,-13.13,66094.0,162.87,10.0,0.06,32.91,171.45
2025-12-29 09:20:19.709937+00:00,96.0,10.93,854.8,-3.17,-2.48,-10.16,4.0,-0.02,-0.0,0.0,1.13,74.0,125603.0,129.341011,775.36458,-13.1,66127.0,162.68,10.0,0.07,32.91,-173.77
2025-12-29 09:20:23.584783+00:00,97.0,11.02,854.8,-3.21,-2.38,-10.27,0.0,-0.01,0.01,0.0,1.13,70.0,125670.0,129.340983,775.364548,-12.46,66122.0,162.63,10.0,0.13,33.0,137.47
2025-12-29 09:20:27.482842+00:00,96.0,10.93,854.6,-3.25,-2.4,-10.16,0.0,-0.02,0.02,0.0,1.13,78.0,125646.0,129.340983,775.364548,-12.66,66082.0,162.28,10.0,0.13,32.95,134.41
2025-12-29 09:20:31.411489+00:00,97.0,10.91,854.5,-3.21,-2.44,-10.14,0.0,-0.02,0.0,0.0,1.13,76.0,125624.0,129.340963,775.364511,-12.93,66044.0,162.43,10.0,0.11,32.91,163.0
2025-12-29 09:20:35.064734+00:00,95.0,11.01,854.5,-3.11,-2.51,-10.26,0.0,-0.01,0.01,0.01,1.34,79.0,125548.0,129.340941,775.364463,-13.16,66044.0,163.14,9.0,0.09,33.0,157.75
2025-12-29 09:20:38.753943+00:00,98.0,10.96,854.5,-3.04,-2.45,-10.24,0.0,-0.02,0.0,0.0,1.34,72.0,125469.0,129.340933,775.364461,-12.94,66016.0,163.47,11.0,0.13,33.0,167.3
2025-12-29 09:20:42.018829+00:00,98.0,10.97,854.5,-3.13,-2.52,-10.2,0.0,-0.01,0.02,-0.0,1.34,71.0,125586.0,129.340933,775.364461,-13.28,66112.0,162.96,11.0,0.13,32.95,133.2
2025-12-29 09:20:45.313031+00:00,96.0,10.96,854.4,-3.24,-2.44,-10.18,0.0,-0.01,0.0,0.01,1.19,72.0,125549.0,129.34091,775.364485,-12.86,66062.0,162.32,11.0,0.13,32.95,178.89
2025-12-29 09:20:49.184986+00:00,96.0,10.96,854.4,-3.12,-2.51,-10.2,0.0,-0.02,0.01,0.01,1.19,70.0,125509.0,129.34091,775.364485,-13.23,65983.0,162.96,11.0,0.13,32.86,162.97
2025-12-29 09:20:53.072825+00:00,96.0,10.98,854.4,-3.16,-2.48,-10.22,0.0,-0.02,0.0,0.0,1.19,73.0,125655.0,129.340925,775.364506,-13.04,66000.0,162.82,11.0,0.17,33.0,168.22
2025-12-29 09:20:56.973104+00:00,98.0,11.04,854.4,-3.16,-2.37,-10.31,0.0,-0.02,-0.0,0.0,1.19,70.0,125707.0,129.340925,775.364506,-12.4,66099.0,162.97,11.0,0.17,32.95,-166.83
2025-12-29 09:21:00.656293+00:00,96.0,10.89,854.4,-3.19,-2.41,-10.13,0.0,-0.02,0.01,0.0,1.19,78.0,125755.0,129.340925,775.364506,-12.79,66207.0,162.53,11.0,0.17,32.95,140.85
2025-12-29 09:21:04.562398+00:00,97.0,10.86,854.4,-3.16,-2.5,-10.08,0.0,-0.01,-0.0,0.01,1.19,76.0,125745.0,129.340925,775.364506,-13.29,66186.0,162.6,11.0,0.17,32.95,-162.06
2025-12-29 09:21:08.026184+00:00,98.0,10.9,854.0,-3.09,-2.49,-10.15,0.0,-0.01,0.0,0.0,1.34,75.0,125736.0,129.340953,775.3645,-13.23,66192.0,163.07,10.0,0.17,32.91,174.18
2025-12-29 09:21:11.910800+00:00,96.0,10.76,854.2,-3.09,-2.46,-10.01,0.0,-0.02,0.04,-0.01,1.17,76.0,125630.0,129.340943,775.364463,-13.22,66081.0,162.83,11.0,0.24,32.86,114.15
2025-12-29 09:21:15.398668+00:00,98.0,10.91,854.2,-3.08,-2.43,-10.18,0.0,-0.02,0.0,0.0,1.17,78.0,125618.0,129.340943,775.364463,-12.89,66078.0,163.18,11.0,0.24,32.91,175.67
2025-12-29 09:21:18.872367+00:00,95.0,10.93,854.2,-3.11,-2.4,-10.2,0.0,-0.02,0.0,0.0,1.17,75.0,125482.0,129.340943,775.364463,-12.69,66031.0,163.05,11.0,0.24,32.91,176.63
2025-12-29 09:21:22.575290+00:00,96.0,10.89,854.2,-3.07,-2.4,-10.17,0.0,-0.02,0.01,0.0,1.17,75.0,125544.0,129.341033,775.3646,-12.72,66061.0,163.2,11.0,0.22,33.0,149.8
2025-12-29 09:21:26.253895+00:00,97.0,10.98,853.9,-3.13,-2.44,-10.24,0.0,-0.01,-0.0,0.0,1.34,75.0,125539.0,129.341033,775.3646,-12.83,66073.0,162.98,11.0,0.22,32.95,-162.07
2025-12-29 09:21:29.955398+00:00,96.0,10.95,853.9,-3.17,-2.48,-10.18,0.0,-0.01,0.0,-0.0,1.34,72.0,125487.0,129.341041,775.364644,-13.07,66020.0,162.7,11.0,0.2,32.95,162.61
2025-12-29 09:21:33.419916+00:00,98.0,10.95,853.9,-3.06,-2.52,-10.2,0.0,-0.02,0.01,0.0,1.34,72.0,125491.0,129.34105,775.364625,-13.29,66069.0,163.28,11.0,0.19,33.0,144.13
2025-12-29 09:21:37.309069+00:00,97.0,10.94,854.3,-3.13,-2.45,-10.19,0.0,-0.02,0.01,0.0,1.34,79.0,125523.0,129.34105,775.364625,-12.94,66108.0,162.93,10.0,0.19,32.86,146.4
2025-12-29 09:21:41.201380+00:00,97.0,10.63,854.0,-2.72,-2.51,-9.96,0.0,-0.02,-0.52,0.06,1.34,76.0,124790.0,129.341088,775.364615,-13.68,65549.0,164.76,11.0,0.17,33.0,-92.05
2025-12-29 09:21:45.099927+00:00,97.0,11.27,854.0,-2.04,-2.36,-10.83,0.0,-0.05,-0.17,0.03,1.34,72.0,125211.0,129.341126,775.36463,-12.08,65849.0,169.35,11.0,1.06,33.0,-106.72
2025-12-29 09:21:48.799541+00:00,95.0,10.52,854.0,-3.59,-2.38,-9.6,0.0,-0.07,0.12,-0.04,1.34,70.0,125421.0,129.341126,775.36463,-13.06,65900.0,159.5,11.0,1.06,32.95,119.75
2025-12-29 09:21:52.489426+00:00,95.0,11.29,854.0,-2.66,-2.18,-10.75,0.0,-0.05,0.08,-0.01,1.34,77.0,125636.0,129.341126,775.36463,-11.13,66113.0,166.08,11.0,1.06,32.95,124.13
2025-12-29 09:21:55.752668+00:00,97.0,10.99,853.6,-3.16,-2.47,-10.23,0.0,-0.01,0.0,0.0,1.34,70.0,125568.0,129.341196,775.364611,-13.01,66070.0,162.83,10.0,0.07,33.0,179.47
2025-12-29 09:21:59.019582+00:00,97.0,10.96,853.5,-3.21,-2.46,-10.19,0.0,-0.01,0.0,-0.0,1.34,77.0,125492.0,129.341211,775.364598,-12.98,66067.0,162.5,10.0,0.11,32.95,171.95
2025-12-29 09:22:02.502558+00:00,97.0,10.94,853.8,-3.2,-2.42,-10.18,0.0,-0.02,0.01,-0.0,1.34,72.0,125541.0,129.341176,775.364558,-12.77,66040.0,162.54,10.0,0.28,32.95,154.12
2025-12-29 09:22:06.009176+00:00,97.0,10.97,853.8,-3.17,-2.44,-10.21,0.0,-0.02,0.0,0.0,1.34,73.0,125608.0,129.341176,775.364558,-12.88,66060.0,162.75,10.0,0.28,33.0,174.72
2025-12-29 09:22:09.260434+00:00,95.0,10.88,853.8,-3.17,-2.44,-10.12,0.0,-0.02,0.01,0.0,1.34,73.0,125690.0,129.341036,775.364493,-12.97,66078.0,162.64,10.0,0.24,32.86,160.23
2025-12-29 09:22:12.959443+00:00,96.0,10.88,855.6,-3.2,-2.5,-10.1,0.0,-0.01,-0.0,0.0,1.03,75.0,125761.0,129.340981,775.364445,-13.26,66109.0,162.41,11.0,0.24,33.05,-168.25
2025-12-29 09:22:16.438429+00:00,96.0,11.01,855.6,-3.15,-2.47,-10.26,0.0,-0.02,-0.0,0.0,1.03,77.0,125748.0,129.34098,775.364425,-12.98,66088.0,162.94,11.0,0.22,32.95,-174.69
2025-12-29 09:22:20.177919+00:00,95.0,10.99,855.6,-3.2,-2.49,-10.21,0.0,-0.02,0.01,0.0,1.03,76.0,125850.0,129.34098,775.364425,-13.1,66138.0,162.6,11.0,0.22,32.91,156.25
2025-12-29 09:22:23.819198+00:00,97.0,10.93,855.7,-3.14,-2.38,-10.2,0.0,-0.01,0.0,0.0,1.17,73.0,125711.0,129.340911,775.364405,-12.58,66086.0,162.91,11.0,0.22,32.95,168.49
2025-12-29 09:22:27.076862+00:00,96.0,10.92,855.7,-3.12,-2.44,-10.17,0.0,-0.02,0.0,0.0,1.17,70.0,125696.0,129.340911,775.364405,-12.94,66079.0,162.94,11.0,0.22,32.91,169.94
2025-12-29 09:22:30.408678+00:00,98.0,10.95,856.6,-3.16,-2.43,-10.2,0.0,-0.02,0.0,0.0,1.17,79.0,125670.0,129.340788,775.364408,-12.8,66050.0,162.79,11.0,0.54,32.91,165.45
2025-12-29 09:22:34.040714+00:00,95.0,10.91,856.6,-3.15,-2.42,-10.16,0.0,-0.02,0.01,0.0,1.17,73.0,125614.0,129.340788,775.364408,-12.79,66051.0,162.77,11.0,0.54,32.95,159.33
2025-12-29 09:22:37.743588+00:00,96.0,11.01,856.6,-3.11,-2.43,-10.28,0.0,-0.02,0.0,0.0,1.17,75.0,125594.0,129.340788,775.364408,-12.73,66067.0,163.17,11.0,0.54,32.86,172.19
2025-12-29 09:22:41.419958+00:00,95.0,10.91,856.6,-3.16,-2.46,-10.15,0.0,-0.01,0.0,0.0,1.17,73.0,125652.0,129.340788,775.364408,-13.02,66088.0,162.71,11.0,0.54,32.91,163.25
2025-12-29 09:22:45.098349+00:00,95.0,10.97,856.6,-3.13,-2.39,-10.24,0.0,-0.01,0.0,0.0,1.17,71.0,125644.0,129.340788,775.364408,-12.61,66090.0,163.0,11.0,0.54,32.95,166.96
2025-12-29 09:22:48.585266+00:00,96.0,10.91,856.8,-3.15,-2.43,-10.16,0.0,-0.02,0.0,0.01,1.17,72.0,125702.0,129.340746,775.364283,-12.86,66052.0,162.77,10.0,0.2,32.91,171.0
2025-12-29 09:22:51.661644+00:00,98.0,11.3,856.8,-2.68,-2.38,-10.72,0.0,0.03,-0.04,0.03,1.17,72.0,125631.0,129.340746,775.364283,-12.18,66030.0,165.95,10.0,0.2,33.0,-55.47
2025-12-29 09:22:55.350137+00:00,96.0,11.03,856.8,-3.15,-2.48,-10.28,0.0,-0.02,0.01,0.0,1.17,77.0,125670.0,129.34069,775.364253,-12.98,66019.0,162.97,10.0,0.39,32.95,162.43
2025-12-29 09:22:58.839749+00:00,98.0,10.98,857.8,-3.12,-2.47,-10.24,0.0,-0.01,0.0,0.0,1.17,73.0,125565.0,129.340706,775.364245,-12.99,65999.0,163.06,11.0,0.39,33.0,162.03
2025-12-29 09:23:02.306066+00:00,95.0,10.91,857.8,-3.14,-2.39,-10.17,0.0,-0.01,0.0,0.0,1.17,72.0,125685.0,129.340676,775.364223,-12.68,66077.0,162.82,11.0,0.5,32.91,176.51
2025-12-29 09:23:05.792663+00:00,96.0,10.9,858.1,-3.09,-2.39,-10.18,0.0,-0.02,0.0,0.0,1.17,71.0,125669.0,129.340695,775.36422,-12.65,66084.0,163.14,11.0,0.3,33.05,168.5
2025-12-29 09:23:09.270054+00:00,98.0,10.94,858.1,-3.17,-2.43,-10.19,0.0,-0.01,0.0,0.01,1.17,74.0,125704.0,129.340695,775.36422,-12.83,66055.0,162.69,11.0,0.3,32.91,169.84
2025-12-29 09:23:13.167702+00:00,97.0,10.86,858.1,-3.12,-2.45,-10.11,0.0,-0.02,0.0,0.0,1.17,78.0,125717.0,129.340695,775.36422,-13.03,66091.0,162.85,11.0,0.3,33.0,170.54
2025-12-29 09:23:17.067028+00:00,96.0,11.03,859.7,-3.13,-2.42,-10.29,0.0,-0.01,-0.0,0.0,1.17,76.0,125627.0,129.34065,775.364196,-12.68,66040.0,163.07,11.0,0.3,32.95,-177.82
2025-12-29 09:23:20.959430+00:00,97.0,10.9,859.7,-3.16,-2.43,-10.15,0.0,-0.02,0.0,-0.0,1.17,71.0,125580.0,129.34065,775.364196,-12.87,66045.0,162.69,11.0,0.3,33.05,163.61
2025-12-29 09:23:24.615023+00:00,97.0,10.99,859.7,-3.19,-2.44,-10.23,0.0,-0.01,0.01,0.0,1.17,74.0,125577.0,129.34065,775.364196,-12.81,66080.0,162.66,11.0,0.3,32.95,155.89
2025-12-29 09:23:28.047894+00:00,97.0,10.93,859.7,-3.14,-2.43,-10.18,0.0,-0.01,0.01,0.0,1.17,77.0,125529.0,129.34065,775.364196,-12.87,66024.0,162.86,11.0,0.3,33.0,145.58
2025-12-29 09:23:31.843155+00:00,95.0,10.93,856.9,-3.1,-2.45,-10.19,0.0,-0.02,0.01,0.0,1.08,76.0,125578.0,129.340654,775.364155,-12.95,66018.0,163.1,10.0,0.15,33.09,147.42
2025-12-29 09:23:35.279596+00:00,97.0,10.94,856.9,-3.05,-2.42,-10.22,0.0,-0.01,0.01,0.0,1.08,70.0,125549.0,129.340654,775.364155,-12.77,66013.0,163.37,10.0,0.15,33.05,156.46
2025-12-29 09:23:38.975404+00:00,97.0,10.94,856.9,-3.07,-2.4,-10.22,0.0,-0.02,0.0,0.0,1.08,79.0,125569.0,129.340654,775.364155,-12.67,66032.0,163.3,10.0,0.15,32.95,177.23
2025-12-29 09:23:42.660059+00:00,98.0,10.96,856.9,-3.16,-2.48,-10.2,0.0,-0.02,0.01,0.0,1.08,77.0,125960.0,129.340716,775.364203,-13.09,66543.0,162.81,10.0,0.02,32.95,159.73
2025-12-29 09:23:46.152996+00:00,98.0,10.6,853.2,-5.23,-2.0,-9.0,0.0,-0.05,-0.14,-0.01,1.08,75.0,125717.0,129.340686,775.36421,-10.86,66098.0,149.81,10.0,0.02,32.95,-110.98
2025-12-29 09:23:49.718510+00:00,96.0,10.97,852.6,-3.41,-2.46,-10.13,0.0,-0.02,0.0,0.0,1.08,78.0,125012.0,129.340663,775.364225,-12.94,65842.0,161.38,10.0,0.22,32.91,167.75
2025-12-29 09:23:53.096708+00:00,95.0,11.23,852.6,-0.72,-2.31,-10.97,0.0,-0.04,-0.06,-0.05,1.08,76.0,126254.0,129.340663,775.364225,-11.89,66499.0,176.26,10.0,0.22,32.95,-127.39
2025-12-29 09:23:56.376338+00:00,95.0,11.06,854.0,-1.13,-2.47,-10.72,0.0,-0.02,0.0,0.0,1.08,71.0,126245.0,129.340603,775.364235,-12.91,66477.0,173.98,10.0,0.67,33.0,169.73
2025-12-29 09:24:00.318194+00:00,98.0,11.12,854.0,-1.09,-2.4,-10.8,0.0,-0.02,0.0,0.0,1.08,78.0,126244.0,129.340603,775.364235,-12.47,66411.0,174.22,10.0,0.67,32.91,166.53
2025-12-29 09:24:03.749110+00:00,98.0,11.14,854.0,-1.08,-2.41,-10.82,0.0,-0.02,-0.0,0.0,1.08,71.0,126262.0,129.340661,775.364255,-12.49,66405.0,174.28,10.0,0.3,33.0,-174.93
2025-12-29 09:24:07.440688+00:00,95.0,11.16,854.0,-1.03,-2.4,-10.85,0.0,-0.01,0.0,-0.0,1.08,78.0,126166.0,129.340723,775.364193,-12.42,66380.0,174.57,10.0,0.7,33.0,168.58
2025-12-29 09:24:10.702785+00:00,96.0,11.11,855.5,-1.05,-2.39,-10.8,0.0,-0.01,-0.01,0.01,1.08,78.0,126123.0,129.340746,775.364163,-12.44,66329.0,174.43,10.0,0.7,33.0,-147.21
2025-12-29 09:24:14.397530+00:00,96.0,11.08,855.5,-1.08,-2.45,-10.75,0.0,-0.02,0.0,0.0,1.08,78.0,126131.0,129.340746,775.364163,-12.76,66401.0,174.25,10.0,0.7,32.95,166.57
2025-12-29 09:24:18.074755+00:00,96.0,11.22,855.5,-1.17,-2.43,-10.89,0.0,-0.02,0.0,0.0,1.08,77.0,126300.0,129.340746,775.364163,-12.49,66800.0,173.89,10.0,0.7,32.91,180.0
2025-12-29 09:24:21.786326+00:00,96.0,10.85,856.3,-4.45,-2.19,-9.64,0.0,-0.36,0.13,-0.12,1.08,78.0,126575.0,129.340826,775.364213,-11.67,66926.0,155.23,10.0,1.09,32.95,160.34
2025-12-29 09:24:25.475847+00:00,98.0,12.16,856.3,-4.6,-2.62,-10.94,0.0,-0.17,-0.94,0.06,1.08,77.0,126438.0,129.340826,775.364213,-12.45,66743.0,157.18,10.0,1.09,32.91,-100.34
2025-12-29 09:24:28.729097+00:00,96.0,10.72,856.3,-2.53,-2.37,-10.14,0.0,0.09,-0.41,0.05,1.08,75.0,126204.0,129.340826,775.364213,-12.75,66519.0,165.99,10.0,1.09,32.95,-78.03
2025-12-29 09:24:32.003211+00:00,98.0,10.87,855.2,-2.66,-2.28,-10.29,0.0,-0.01,0.01,0.0,1.08,72.0,126137.0,129.340841,775.36398,-12.1,66426.0,165.5,10.0,0.28,32.95,156.94
2025-12-29 09:24:35.066776+00:00,98.0,11.0,854.8,-2.7,-2.31,-10.41,0.0,-0.01,0.0,0.0,1.08,75.0,125974.0,129.340841,775.36398,-12.11,66367.0,165.49,10.0,0.28,32.95,170.71
2025-12-29 09:24:38.136329+00:00,98.0,10.95,854.8,-2.7,-2.29,-10.37,0.0,-0.02,0.0,0.0,1.08,77.0,125968.0,129.340841,775.36398,-12.06,66330.0,165.42,10.0,0.28,32.95,167.57
2025-12-29 09:24:41.415075+00:00,98.0,10.93,854.8,-2.58,-2.29,-10.37,0.0,-0.01,0.01,0.01,1.08,70.0,125942.0,129.340841,775.36398,-12.12,66278.0,166.04,10.0,0.28,32.95,152.81
2025-12-29 09:24:44.486195+00:00,97.0,11.01,854.8,-2.6,-2.29,-10.45,0.0,-0.02,0.0,0.0,1.08,77.0,125864.0,129.340841,775.36398,-11.98,66274.0,166.04,10.0,0.28,33.05,176.89
2025-12-29 09:24:47.564278+00:00,95.0,10.9,854.8,-2.55,-2.27,-10.35,0.0,-0.02,-0.02,0.01,1.08,74.0,125875.0,129.340841,775.36398,-12.05,66265.0,166.17,10.0,0.28,33.0,-135.0
2025-12-29 09:24:50.645014+00:00,96.0,11.01,854.8,-2.63,-2.26,-10.45,0.0,-0.01,0.0,0.01,1.08,73.0,125858.0,129.340898,775.36391,-11.85,66270.0,165.88,10.0,0.31,33.05,169.99
2025-12-29 09:24:53.704121+00:00,97.0,10.9,854.8,-2.57,-2.29,-10.34,0.0,-0.02,0.0,0.0,1.08,76.0,125818.0,129.340911,775.363953,-12.11,66246.0,166.03,10.0,0.37,32.95,168.98
2025-12-29 09:24:56.776185+00:00,97.0,11.07,855.8,-2.63,-2.29,-10.5,0.0,-0.02,0.01,0.0,1.08,76.0,125849.0,129.340911,775.36401,-11.94,66255.0,165.92,10.0,0.28,33.05,159.71
2025-12-29 09:24:59.854611+00:00,98.0,10.95,857.2,-2.58,-2.29,-10.39,0.0,-0.01,0.0,0.0,1.08,73.0,125868.0,129.340916,775.364096,-12.07,66255.0,166.06,10.0,0.89,33.0,161.75
2025-12-29 09:25:02.936753+00:00,96.0,11.04,857.3,-2.68,-2.32,-10.46,0.0,-0.02,0.02,0.01,1.3,72.0,125777.0,129.340941,775.364111,-12.11,66217.0,165.63,9.0,0.72,33.0,137.75
2025-12-29 09:25:05.989690+00:00,95.0,10.99,857.4,-2.58,-2.31,-10.43,0.0,-0.02,0.01,0.0,1.3,71.0,125687.0,129.340951,775.364113,-12.13,66312.0,166.1,9.0,0.83,32.91,158.87
2025-12-29 09:25:09.084680+00:00,98.0,10.98,855.8,-2.35,-2.33,-10.47,0.0,-0.01,0.03,-0.0,1.3,73.0,125332.0,129.340971,775.364178,-12.27,65999.0,167.36,9.0,0.83,33.05,101.56
2025-12-29 09:25:12.134131+00:00,96.0,10.99,855.8,-2.41,-2.3,-10.47,0.0,-0.02,-0.01,0.01,1.3,72.0,125569.0,129.340971,775.364178,-12.06,66072.0,167.03,9.0,0.83,32.95,-146.51
2025-12-29 09:25:15.211262+00:00,97.0,11.02,855.8,-2.43,-2.35,-10.49,0.0,-0.02,0.0,0.0,1.3,71.0,125662.0,129.340971,775.364178,-12.32,66081.0,166.96,9.0,0.83,33.0,165.34
2025-12-29 09:25:18.291054+00:00,97.0,10.98,855.8,-2.43,-2.29,-10.46,0.0,-0.02,0.01,0.0,1.3,70.0,125622.0,129.340971,775.364178,-12.06,66055.0,166.94,9.0,0.83,33.05,154.3
2025-12-29 09:25:21.351719+00:00,96.0,11.06,855.8,-2.42,-2.31,-10.54,0.0,-0.01,0.0,0.0,1.3,76.0,125681.0,129.340971,775.364178,-12.06,66094.0,167.09,9.0,0.83,33.0,171.65
2025-12-29 09:25:24.502538+00:00,95.0,10.99,855.8,-2.44,-2.35,-10.45,0.0,-0.02,0.0,0.0,1.3,76.0,125544.0,129.340971,775.364178,-12.34,66112.0,166.86,9.0,0.83,32.95,173.93
2025-12-29 09:25:27.503496+00:00,98.0,11.05,855.8,-2.53,-2.29,-10.51,0.0,-0.02,0.01,-0.01,1.3,79.0,126885.0,129.340971,775.364178,-11.95,67254.0,166.45,9.0,0.83,32.91,156.49
2025-12-29 09:25:30.616169+00:00,98.0,11.29,855.8,-4.02,-2.39,-10.28,0.0,-0.15,-0.49,0.03,1.3,71.0,126887.0,129.340971,775.364178,-12.22,67157.0,158.66,9.0,0.83,32.91,-107.03
2025-12-29 09:25:33.652559+00:00,96.0,11.13,855.8,-3.72,-2.33,-10.23,37.0,-0.06,-0.24,0.02,1.3,76.0,126439.0,129.341195,775.364336,-12.07,66760.0,160.01,9.0,0.26,33.0,-104.69
2025-12-29 09:25:36.915492+00:00,98.0,10.89,855.8,-3.09,-2.23,-10.2,37.0,-0.02,0.0,0.0,1.3,73.0,126235.0,129.341271,775.364306,-11.8,66701.0,163.17,9.0,0.3,33.0,169.89
2025-12-29 09:25:40.421696+00:00,95.0,10.92,842.8,-3.06,-2.21,-10.24,37.0,-0.01,0.0,0.0,1.3,77.0,126271.0,129.341308,775.36437,-11.68,66703.0,163.38,9.0,0.24,33.0,176.91
2025-12-29 09:25:43.694828+00:00,95.0,10.92,840.8,-3.12,-2.22,-10.23,37.0,-0.02,0.0,0.0,1.3,72.0,126130.0,129.341355,775.364393,-11.74,66641.0,163.03,9.0,0.24,32.95,166.08
2025-12-29 09:25:46.743055+00:00,96.0,10.96,840.8,-3.03,-2.21,-10.3,37.0,-0.02,-0.0,0.0,1.3,70.0,126294.0,129.341355,775.364393,-11.64,66624.0,163.63,9.0,0.24,33.05,-168.25
