result,table,_time,_start,_stop,_measurement,alt,ax,ay,az,gx,gy,gz,lat,lon,pitch,roll,rtc_time,sats,speed,temp
_result,0,2025-12-21 16:33:14.262337+00:00,2025-12-21 15:49:46.777664+00:00,2025-12-21 16:49:46.777664+00:00,iot_data,848.8,1536.0,-112.0,-18728.0,-113.0,22.0,26.0,12.93407,77.536377,4.69,-0.34,1065875088.0,8.0,0.19,30.46
_result,0,2025-12-21 16:33:24.515734+00:00,2025-12-21 15:49:46.777664+00:00,2025-12-21 16:49:46.777664+00:00,iot_data,849.4,1532.0,8.0,-18800.0,-114.0,41.0,14.0,12.934068,77.536377,4.66,0.02,1065885087.0,8.0,0.2,30.46
_result,0,2025-12-21 16:33:34.325665+00:00,2025-12-21 15:49:46.777664+00:00,2025-12-21 16:49:46.777664+00:00,iot_data,849.7,1556.0,-140.0,-18804.0,-104.0,32.0,22.0,12.934072,77.536377,4.73,-0.43,1065895134.0,8.0,0.31,30.6
_result,0,2025-12-21 16:33:43.752653+00:00,2025-12-21 15:49:46.777664+00:00,2025-12-21 16:49:46.777664+00:00,iot_data,850.1,1648.0,-20.0,-18868.0,-117.0,28.0,9.0,12.934074,77.536369,4.99,-0.06,1065905064.0,7.0,0.3,30.55
_result,0,2025-12-21 16:33:53.574038+00:00,2025-12-21 15:49:46.777664+00:00,2025-12-21 16:49:46.777664+00:00,iot_data,850.8,1576.0,-32.0,-18884.0,-102.0,56.0,-4.0,12.934076,77.536369,4.77,-0.1,1065915077.0,8.0,0.19,30.65
_result,0,2025-12-21 16:34:03.606092+00:00,2025-12-21 15:49:46.777664+00:00,2025-12-21 16:49:46.777664+00:00,iot_data,850.5,1516.0,-116.0,-18856.0,-99.0,36.0,22.0,12.934075,77.536369,4.6,-0.35,1065925105.0,8.0,0.04,30.69
_result,0,2025-12-21 16:34:14.049245+00:00,2025-12-21 15:49:46.777664+00:00,2025-12-21 16:49:46.777664+00:00,iot_data,849.7,1600.0,-104.0,-18712.0,-95.0,13.0,17.0,12.934069,77.536385,4.89,-0.32,1065935141.0,8.0,0.22,30.65
_result,0,2025-12-21 16:34:24.096667+00:00,2025-12-21 15:49:46.777664+00:00,2025-12-21 16:49:46.777664+00:00,iot_data,849.6,1524.0,44.0,-18964.0,-110.0,35.0,2.0,12.934063,77.536385,4.59,0.13,1065945086.0,8.0,0.07,30.74
_result,0,2025-12-21 16:34:33.921281+00:00,2025-12-21 15:49:46.777664+00:00,2025-12-21 16:49:46.777664+00:00,iot_data,849.5,1520.0,20.0,-18920.0,-105.0,31.0,-9.0,12.93405,77.5364,4.59,0.06,1065955132.0,8.0,0.06,30.88
_result,0,2025-12-21 16:34:44.176964+00:00,2025-12-21 15:49:46.777664+00:00,2025-12-21 16:49:46.777664+00:00,iot_data,848.5,1524.0,-20.0,-18772.0,-29.0,113.0,132.0,12.934049,77.5364,4.64,-0.06,1065965152.0,8.0,0.04,30.84
_result,0,2025-12-21 16:34:54.201718+00:00,2025-12-21 15:49:46.777664+00:00,2025-12-21 16:49:46.777664+00:00,iot_data,847.7,1636.0,-76.0,-18820.0,-102.0,28.0,21.0,12.934052,77.5364,4.97,-0.23,1065975091.0,8.0,0.09,30.93
_result,0,2025-12-21 16:35:04.242530+00:00,2025-12-21 15:49:46.777664+00:00,2025-12-21 16:49:46.777664+00:00,iot_data,846.9,1536.0,16.0,-18824.0,-95.0,42.0,8.0,12.934052,77.5364,4.67,0.05,1065985128.0,8.0,0.13,30.88
_result,0,2025-12-21 16:35:14.275311+00:00,2025-12-21 15:49:46.777664+00:00,2025-12-21 16:49:46.777664+00:00,iot_data,846.2,1552.0,-88.0,-18832.0,-93.0,21.0,29.0,12.934053,77.5364,4.71,-0.27,1065995076.0,8.0,0.07,30.98
_result,0,2025-12-21 16:35:24.075093+00:00,2025-12-21 15:49:46.777664+00:00,2025-12-21 16:49:46.777664+00:00,iot_data,846.8,1624.0,88.0,-18856.0,-116.0,32.0,8.0,12.934057,77.5364,4.92,0.27,1066005098.0,8.0,0.19,31.07
_result,0,2025-12-21 16:35:34.325083+00:00,2025-12-21 15:49:46.777664+00:00,2025-12-21 16:49:46.777664+00:00,iot_data,847.5,1564.0,4.0,-18884.0,-122.0,43.0,29.0,12.934061,77.536392,4.73,0.01,1066015129.0,8.0,0.04,30.93
_result,0,2025-12-21 16:35:44.368070+00:00,2025-12-21 15:49:46.777664+00:00,2025-12-21 16:49:46.777664+00:00,iot_data,848.2,1556.0,-64.0,-18816.0,-124.0,-8.0,-14.0,12.934065,77.536385,4.73,-0.19,1066025069.0,8.0,0.13,31.02
_result,0,2025-12-21 16:35:54.606091+00:00,2025-12-21 15:49:46.777664+00:00,2025-12-21 16:49:46.777664+00:00,iot_data,847.7,1708.0,188.0,-18768.0,-137.0,7.0,38.0,12.934061,77.536385,5.2,0.57,1066035105.0,8.0,0.02,31.12
_result,0,2025-12-21 16:36:04.452752+00:00,2025-12-21 15:49:46.777664+00:00,2025-12-21 16:49:46.777664+00:00,iot_data,847.1,1648.0,140.0,-18980.0,-105.0,17.0,23.0,12.934062,77.536385,4.96,0.42,1066045144.0,8.0,0.15,31.02
_result,0,2025-12-21 16:36:13.870676+00:00,2025-12-21 15:49:46.777664+00:00,2025-12-21 16:49:46.777664+00:00,iot_data,846.3,1588.0,156.0,-19076.0,-115.0,49.0,7.0,12.934063,77.536385,4.76,0.47,1066055080.0,9.0,0.04,31.02
_result,0,2025-12-21 16:36:24.326367+00:00,2025-12-21 15:49:46.777664+00:00,2025-12-21 16:49:46.777664+00:00,iot_data,845.5,1800.0,0.0,-18816.0,-117.0,19.0,2.0,12.934065,77.536385,5.46,0.0,1066065104.0,9.0,0.09,31.12
_result,0,2025-12-21 16:36:34.121421+00:00,2025-12-21 15:49:46.777664+00:00,2025-12-21 16:49:46.777664+00:00,iot_data,846.1,1640.0,232.0,-18928.0,-121.0,14.0,20.0,12.934065,77.536385,4.95,0.7,1066075141.0,10.0,0.15,31.21
_result,0,2025-12-21 16:36:43.968211+00:00,2025-12-21 15:49:46.777664+00:00,2025-12-21 16:49:46.777664+00:00,iot_data,846.1,1588.0,116.0,-18964.0,-91.0,9.0,22.0,12.934067,77.536385,4.79,0.35,1066085071.0,9.0,0.11,31.12
_result,0,2025-12-21 16:36:54.004441+00:00,2025-12-21 15:49:46.777664+00:00,2025-12-21 16:49:46.777664+00:00,iot_data,845.8,1732.0,204.0,-18772.0,-98.0,21.0,8.0,12.93407,77.536392,5.27,0.62,1066095103.0,9.0,0.06,31.02
_result,0,2025-12-21 16:37:03.626981+00:00,2025-12-21 15:49:46.777664+00:00,2025-12-21 16:49:46.777664+00:00,iot_data,846.3,1684.0,120.0,-18908.0,-84.0,23.0,15.0,12.93407,77.536385,5.09,0.36,1066105138.0,9.0,0.09,31.17
_result,0,2025-12-21 16:37:13.662329+00:00,2025-12-21 15:49:46.777664+00:00,2025-12-21 16:49:46.777664+00:00,iot_data,846.8,1756.0,132.0,-18956.0,-98.0,34.0,20.0,12.93407,77.536385,5.29,0.4,1066115062.0,10.0,0.17,31.21
_result,0,2025-12-21 16:37:23.697713+00:00,2025-12-21 15:49:46.777664+00:00,2025-12-21 16:49:46.777664+00:00,iot_data,846.7,1636.0,232.0,-18848.0,-112.0,36.0,9.0,12.934071,77.536385,4.96,0.7,1066125098.0,10.0,0.09,31.26
_result,0,2025-12-21 16:37:33.723299+00:00,2025-12-21 15:49:46.777664+00:00,2025-12-21 16:49:46.777664+00:00,iot_data,845.9,1656.0,176.0,-18596.0,-147.0,-5.0,-20.0,12.934072,77.536392,5.09,0.54,1066135134.0,9.0,0.09,31.17
_result,0,2025-12-21 16:37:44.188192+00:00,2025-12-21 15:49:46.777664+00:00,2025-12-21 16:49:46.777664+00:00,iot_data,845.7,1636.0,168.0,-19012.0,-92.0,53.0,32.0,12.93407,77.536385,4.92,0.5,1066145068.0,10.0,0.06,31.12
_result,0,2025-12-21 16:37:54.214364+00:00,2025-12-21 15:49:46.777664+00:00,2025-12-21 16:49:46.777664+00:00,iot_data,845.4,1680.0,156.0,-18924.0,-114.0,12.0,21.0,12.934068,77.536385,5.07,0.47,1066155115.0,9.0,0.17,31.21
_result,0,2025-12-21 16:38:03.649083+00:00,2025-12-21 15:49:46.777664+00:00,2025-12-21 16:49:46.777664+00:00,iot_data,845.8,1704.0,132.0,-18796.0,-121.0,38.0,12.0,12.934064,77.536377,5.18,0.4,1066165149.0,8.0,0.11,31.21
_result,0,2025-12-21 16:38:13.873584+00:00,2025-12-21 15:49:46.777664+00:00,2025-12-21 16:49:46.777664+00:00,iot_data,845.7,1696.0,208.0,-18812.0,-108.0,37.0,25.0,12.934067,77.536377,5.15,0.63,1066175077.0,9.0,0.26,31.21
_result,0,2025-12-21 16:38:23.906685+00:00,2025-12-21 15:49:46.777664+00:00,2025-12-21 16:49:46.777664+00:00,iot_data,845.7,1772.0,96.0,-18868.0,-106.0,12.0,2.0,12.934067,77.536377,5.37,0.29,1066185111.0,8.0,0.09,31.21
_result,0,2025-12-21 16:38:33.947533+00:00,2025-12-21 15:49:46.777664+00:00,2025-12-21 16:49:46.777664+00:00,iot_data,845.4,1608.0,4.0,-18824.0,-83.0,10.0,24.0,12.934069,77.536392,4.88,0.01,1066195147.0,10.0,0.04,31.31
_result,0,2025-12-21 16:38:43.770618+00:00,2025-12-21 15:49:46.777664+00:00,2025-12-21 16:49:46.777664+00:00,iot_data,844.8,1704.0,204.0,-18728.0,-101.0,20.0,27.0,12.934071,77.5364,5.2,0.62,1066205103.0,10.0,0.22,31.31
_result,0,2025-12-21 16:38:54.690978+00:00,2025-12-21 15:49:46.777664+00:00,2025-12-21 16:49:46.777664+00:00,iot_data,843.9,1664.0,72.0,-18764.0,-96.0,54.0,29.0,12.934064,77.5364,5.07,0.22,1066215112.0,11.0,0.11,31.35
_result,0,2025-12-21 16:39:04.942357+00:00,2025-12-21 15:49:46.777664+00:00,2025-12-21 16:49:46.777664+00:00,iot_data,844.0,1628.0,80.0,-18776.0,-133.0,-5.0,-11.0,12.934059,77.5364,4.96,0.24,1066225068.0,11.0,0.11,31.31
_result,0,2025-12-21 16:39:14.305923+00:00,2025-12-21 15:49:46.777664+00:00,2025-12-21 16:49:46.777664+00:00,iot_data,845.0,1724.0,148.0,-18900.0,-113.0,-2.0,8.0,12.934049,77.5364,5.21,0.45,1066235117.0,11.0,0.2,31.45
_result,0,2025-12-21 16:39:24.799441+00:00,2025-12-21 15:49:46.777664+00:00,2025-12-21 16:49:46.777664+00:00,iot_data,844.7,1640.0,72.0,-19016.0,-110.0,14.0,24.0,12.934052,77.5364,4.93,0.22,1066245132.0,12.0,0.13,31.45
_result,0,2025-12-21 16:39:34.222701+00:00,2025-12-21 15:49:46.777664+00:00,2025-12-21 16:49:46.777664+00:00,iot_data,845.3,1500.0,340.0,-17944.0,-269.0,-170.0,-87.0,12.934045,77.5364,4.78,1.08,1066255084.0,12.0,0.43,31.49
_result,0,2025-12-21 16:39:45.302745+00:00,2025-12-21 15:49:46.777664+00:00,2025-12-21 16:49:46.777664+00:00,iot_data,844.3,-1728.0,-9520.0,-16020.0,1023.0,386.0,267.0,12.933992,77.536285,-5.3,-30.58,1066265092.0,6.0,3.41,31.45
_result,0,2025-12-21 16:39:53.401729+00:00,2025-12-21 15:49:46.777664+00:00,2025-12-21 16:49:46.777664+00:00,iot_data,843.2,996.0,-15168.0,-6856.0,-1024.0,-330.0,722.0,12.934072,77.536362,3.42,-65.46,1066275063.0,10.0,0.76,31.54
_result,0,2025-12-21 16:40:04.259501+00:00,2025-12-21 15:49:46.777664+00:00,2025-12-21 16:49:46.777664+00:00,iot_data,842.5,-3364.0,-18856.0,-2616.0,-29532.0,-6291.0,-539.0,12.934074,77.536369,-10.02,-77.27,1066285147.0,9.0,1.31,31.54
_result,0,2025-12-21 16:40:14.090551+00:00,2025-12-21 15:49:46.777664+00:00,2025-12-21 16:49:46.777664+00:00,iot_data,842.6,1728.0,-484.0,-18908.0,-93.0,-1.0,36.0,12.934074,77.536369,5.22,-1.46,1066295100.0,9.0,1.31,31.59
_result,0,2025-12-21 16:45:22.323257+00:00,2025-12-21 15:49:46.777664+00:00,2025-12-21 16:49:46.777664+00:00,iot_data,0.0,1660.0,-288.0,-18936.0,1559.0,1523.0,239.0,0.0,0.0,5.01,-0.87,1123733250.0,0.0,0.0,31.4
_result,0,2025-12-21 16:45:33.174576+00:00,2025-12-21 15:49:46.777664+00:00,2025-12-21 16:49:46.777664+00:00,iot_data,847.4,2560.0,-16612.0,-1612.0,-110.0,1.0,-15.0,12.934108,77.536385,8.72,-79.68,1123743292.0,7.0,0.28,31.4
_result,0,2025-12-21 16:45:42.802802+00:00,2025-12-21 15:49:46.777664+00:00,2025-12-21 16:49:46.777664+00:00,iot_data,846.6,2524.0,-16812.0,-1648.0,-94.0,25.0,21.0,12.934093,77.5364,8.5,-79.84,1123752347.0,9.0,0.07,31.45
_result,0,2025-12-21 16:45:53.667187+00:00,2025-12-21 15:49:46.777664+00:00,2025-12-21 16:49:46.777664+00:00,iot_data,845.8,2460.0,-16740.0,-1848.0,-104.0,27.0,15.0,12.934093,77.5364,8.31,-79.59,1123763283.0,9.0,0.09,31.49
_result,0,2025-12-21 16:46:03.279658+00:00,2025-12-21 15:49:46.777664+00:00,2025-12-21 16:49:46.777664+00:00,iot_data,846.0,2460.0,-16716.0,-1700.0,-115.0,18.0,13.0,12.934089,77.536407,8.33,-79.86,1123773328.0,9.0,0.22,31.45
_result,0,2025-12-21 16:46:13.523612+00:00,2025-12-21 15:49:46.777664+00:00,2025-12-21 16:49:46.777664+00:00,iot_data,845.5,2528.0,-16660.0,-1756.0,-110.0,45.0,10.0,12.934087,77.536407,8.58,-79.54,1123783262.0,9.0,0.5,31.4
_result,0,2025-12-21 16:46:23.158188+00:00,2025-12-21 15:49:46.777664+00:00,2025-12-21 16:49:46.777664+00:00,iot_data,845.2,2460.0,-16760.0,-1652.0,-101.0,42.0,3.0,12.934091,77.536407,8.31,-79.98,1123793292.0,10.0,0.22,31.49
_result,0,2025-12-21 16:46:32.983770+00:00,2025-12-21 15:49:46.777664+00:00,2025-12-21 16:49:46.777664+00:00,iot_data,845.5,2576.0,-16796.0,-1716.0,-128.0,0.0,68.0,12.934086,77.536407,8.68,-79.56,1123803328.0,9.0,0.2,31.35
_result,0,2025-12-21 16:46:43.228544+00:00,2025-12-21 15:49:46.777664+00:00,2025-12-21 16:49:46.777664+00:00,iot_data,845.3,2576.0,-16652.0,-1712.0,-91.0,32.0,40.0,12.934085,77.536407,8.75,-79.48,1123813259.0,10.0,0.17,31.49
_result,0,2025-12-21 16:46:53.040762+00:00,2025-12-21 15:49:46.777664+00:00,2025-12-21 16:49:46.777664+00:00,iot_data,844.5,2496.0,-16760.0,-1816.0,-95.0,9.0,20.0,12.934081,77.536407,8.42,-79.57,1123823300.0,8.0,0.13,31.49
_result,0,2025-12-21 16:47:03.090778+00:00,2025-12-21 15:49:46.777664+00:00,2025-12-21 16:49:46.777664+00:00,iot_data,844.8,2416.0,-16716.0,-1704.0,-122.0,1.0,40.0,12.934078,77.536415,8.18,-79.98,1123833329.0,10.0,0.46,31.54
_result,0,2025-12-21 16:47:13.748525+00:00,2025-12-21 15:49:46.777664+00:00,2025-12-21 16:49:46.777664+00:00,iot_data,844.3,2532.0,-16836.0,-1800.0,-90.0,18.0,13.0,12.934081,77.536415,8.51,-79.55,1123843265.0,8.0,0.31,31.59
_result,0,2025-12-21 16:47:22.741006+00:00,2025-12-21 15:49:46.777664+00:00,2025-12-21 16:49:46.777664+00:00,iot_data,842.9,2504.0,-16764.0,-1728.0,-95.0,35.0,28.0,12.934087,77.536423,8.45,-79.72,1123853314.0,11.0,0.28,31.64
_result,0,2025-12-21 16:47:32.784607+00:00,2025-12-21 15:49:46.777664+00:00,2025-12-21 16:49:46.777664+00:00,iot_data,842.4,2572.0,-16760.0,-1728.0,-81.0,62.0,24.0,12.934091,77.536423,8.68,-79.53,1123863316.0,10.0,0.2,31.64
_result,0,2025-12-21 16:47:42.800376+00:00,2025-12-21 15:49:46.777664+00:00,2025-12-21 16:49:46.777664+00:00,iot_data,841.9,2520.0,-16648.0,-1708.0,-72.0,70.0,12.0,12.934093,77.536415,8.56,-79.64,1123873252.0,11.0,0.22,31.54
_result,0,2025-12-21 16:47:52.639858+00:00,2025-12-21 15:49:46.777664+00:00,2025-12-21 16:49:46.777664+00:00,iot_data,841.5,2404.0,-16620.0,-1540.0,-128.0,30.0,32.0,12.934092,77.536415,8.2,-80.26,1123883287.0,12.0,0.31,31.68
_result,0,2025-12-21 16:48:02.890230+00:00,2025-12-21 15:49:46.777664+00:00,2025-12-21 16:49:46.777664+00:00,iot_data,840.5,2672.0,-16732.0,-1636.0,-100.0,13.0,9.0,12.93409,77.536415,9.03,-79.4,1123893319.0,12.0,0.09,31.59
_result,0,2025-12-21 16:48:13.209392+00:00,2025-12-21 15:49:46.777664+00:00,2025-12-21 16:49:46.777664+00:00,iot_data,839.1,2588.0,-16652.0,-1592.0,-107.0,43.0,24.0,12.934088,77.536423,8.8,-79.66,1123903270.0,11.0,0.06,31.68
_result,0,2025-12-21 16:48:28.139756+00:00,2025-12-21 15:49:46.777664+00:00,2025-12-21 16:49:46.777664+00:00,iot_data,838.1,2540.0,-16820.0,-1704.0,-106.0,-4.0,3.0,12.93409,77.536423,8.54,-79.7,1123913312.0,12.0,0.07,31.73
_result,0,2025-12-21 16:48:32.047057+00:00,2025-12-21 15:49:46.777664+00:00,2025-12-21 16:49:46.777664+00:00,iot_data,837.1,2484.0,-16696.0,-1816.0,-99.0,26.0,4.0,12.934092,77.536423,8.41,-79.56,1123923255.0,12.0,0.76,31.82
_result,0,2025-12-21 16:48:43.299373+00:00,2025-12-21 15:49:46.777664+00:00,2025-12-21 16:49:46.777664+00:00,iot_data,837.2,2468.0,-16792.0,-1952.0,-126.0,27.0,44.0,12.934092,77.536423,8.31,-79.39,1123932348.0,12.0,0.13,31.78
_result,0,2025-12-21 16:48:53.056767+00:00,2025-12-21 15:49:46.777664+00:00,2025-12-21 16:49:46.777664+00:00,iot_data,837.7,2492.0,-16828.0,-1696.0,-101.0,41.0,-10.0,12.93409,77.536423,8.38,-79.85,1123943309.0,12.0,0.07,31.78
_result,0,2025-12-21 16:49:02.877409+00:00,2025-12-21 15:49:46.777664+00:00,2025-12-21 16:49:46.777664+00:00,iot_data,838.9,2520.0,-16864.0,-1768.0,-91.0,60.0,20.0,12.934091,77.536423,8.45,-79.66,1123952348.0,12.0,0.02,31.78
_result,0,2025-12-21 16:49:12.924151+00:00,2025-12-21 15:49:46.777664+00:00,2025-12-21 16:49:46.777664+00:00,iot_data,839.5,2620.0,-16964.0,-1668.0,-66.0,-1.0,68.0,12.93409,77.53643,8.74,-79.63,1123963266.0,12.0,0.11,31.82
_result,0,2025-12-21 16:49:22.547140+00:00,2025-12-21 15:49:46.777664+00:00,2025-12-21 16:49:46.777664+00:00,iot_data,839.5,2544.0,-16736.0,-1568.0,-97.0,13.0,23.0,12.934089,77.53643,8.61,-79.88,1123973300.0,12.0,0.15,31.87
_result,0,2025-12-21 16:49:32.788122+00:00,2025-12-21 15:49:46.777664+00:00,2025-12-21 16:49:46.777664+00:00,iot_data,839.8,2456.0,-16724.0,-1688.0,-80.0,39.0,39.0,12.934091,77.53643,8.31,-79.9,1123983338.0,12.0,0.06,31.87
_result,0,2025-12-21 16:49:43.261792+00:00,2025-12-21 15:49:46.777664+00:00,2025-12-21 16:49:46.777664+00:00,iot_data,841.0,2540.0,-16756.0,-1536.0,-128.0,23.0,7.0,12.934092,77.53643,8.58,-79.96,1123993268.0,12.0,0.07,31.97
