#group,false,false,false,false,false,false,false,false,false,false
#datatype,double,double,double,long,double,double,long,double,double,dateTime:RFC3339
#default,,,,,,,,,,
,ax,ay,az,ir,lat,lon,sats,speed,temp,time
,-5.42,5.53,-6.25,128729,,,,,30.22,2025-12-29T07:01:24.298214019Z
,-5.47,5.47,-6.23,129387,,,,,30.32,2025-12-29T07:01:27.577834211Z
,-7.98,1.75,-5.47,129956,12.93,77.54,0,0.43,30.37,2025-12-29T07:01:31.060921974Z
,-7.98,1.79,-5.47,129948,12.93,77.54,11,0.28,30.22,2025-12-29T07:01:34.12417658Z
,-7.83,2.03,-5.71,130410,12.93,77.54,11,0.28,30.32,2025-12-29T07:01:37.19801932Z
,-7.44,3.49,-5.6,130424,12.93,77.54,11,0.28,30.27,2025-12-29T07:01:40.521809574Z
,-6.92,3.84,-6.16,130182,12.93,77.54,11,0.28,30.27,2025-12-29T07:01:43.758611269Z
,-6.81,3.84,-6.05,130001,12.93,77.54,11,0.33,30.37,2025-12-29T07:01:47.244425604Z
,-6.87,3.92,-6.08,130052,12.93,77.54,11,0.19,30.27,2025-12-29T07:01:50.516405893Z
,-6.77,3.96,-6.25,130050,12.93,77.54,11,0.19,30.27,2025-12-29T07:01:53.607878904Z
,-7.11,3.79,-6.12,129891,12.93,77.54,11,0.41,30.18,2025-12-29T07:01:56.667629733Z
,0.87,10.18,-0.08,129687,,,,,29.75,2025-12-29T07:03:21.257025212Z
,0.83,10.02,-0.01,129593,12.93,77.54,9,3.17,29.75,2025-12-29T07:03:24.950336278Z
,-0.68,9.26,-3.05,129830,12.93,77.54,9,3.17,29.89,2025-12-29T07:03:28.625713244Z
,-0.78,10.26,-4.07,129953,12.93,77.54,9,3.17,30.04,2025-12-29T07:03:32.100575108Z
,-0.03,10.16,-4.05,129650,12.93,77.54,8,1.28,29.99,2025-12-29T07:03:35.379661604Z
,-0.48,9.37,-2.04,129878,12.93,77.54,8,1.28,30.13,2025-12-29T07:03:38.451174047Z
,-0.93,9.59,-1.8,129804,12.93,77.54,8,1.28,30.08,2025-12-29T07:03:41.523747791Z
,-0.13,9.15,3.59,129547,12.93,77.54,8,1.28,29.99,2025-12-29T07:03:44.597685762Z
,0.96,10.97,0.04,129559,12.93,77.54,8,0.17,30.08,2025-12-29T07:03:47.924306577Z
,2.33,9.88,-1.42,129411,12.93,77.54,10,1.43,29.89,2025-12-29T07:03:50.96482644Z
,1.04,9.5,-2.12,129397,12.93,77.54,11,1.43,30.04,2025-12-29T07:03:54.010596259Z
,0.64,9.43,-2.27,129586,12.93,77.54,11,1.43,30.04,2025-12-29T07:03:57.081510242Z
,-1.09,9.24,-2.88,129567,12.93,77.54,11,1.43,30.08,2025-12-29T07:04:00.198661957Z
,1.83,8.58,-1.64,130055,12.93,77.54,11,1.43,29.99,2025-12-29T07:04:03.222977953Z
,-10.19,8.06,16.98,129839,12.93,77.54,11,1.43,30.04,2025-12-29T07:04:06.294248214Z
,-3.71,3.97,-1.36,129303,12.93,77.54,11,1.43,30.04,2025-12-29T07:04:09.380344951Z
,-1.39,8.64,-1.15,130853,12.93,77.54,11,1.43,30.04,2025-12-29T07:04:12.447754536Z
,6.6,9.18,5.1,129694,12.93,77.54,11,1.43,30.08,2025-12-29T07:04:15.712361733Z
,-0.17,9.31,-3.06,129422,12.93,77.54,11,2.74,30.13,2025-12-29T07:04:20.077081238Z
,-1.15,9.6,-2.22,130109,12.93,77.54,10,0.28,30.13,2025-12-29T07:04:23.095699473Z
,-3.38,7.65,1.84,129376,12.93,77.54,10,0.28,30.08,2025-12-29T07:04:26.2447466Z
,-2.15,8.26,0.82,129434,12.93,77.54,10,0.28,30.18,2025-12-29T07:04:29.449413534Z
,-0.57,8.84,-0.25,129709,12.93,77.54,10,0.28,30.18,2025-12-29T07:04:32.516922113Z
,-2.89,9.15,1.95,128584,12.93,77.54,10,2.61,30.13,2025-12-29T07:04:35.595992045Z
,-0.06,-4.19,-0.84,129019,12.93,77.54,10,3.5,30.08,2025-12-29T07:04:38.655549872Z
,-1.9,7.13,1.58,129838,12.93,77.54,9,3.96,30.08,2025-12-29T07:04:41.729352785Z
,-0.68,8.77,-3.91,127500,12.93,77.54,8,2.52,30.18,2025-12-29T07:04:44.818830964Z
,-2.21,13.08,-1.85,129720,12.93,77.54,10,6.06,30.18,2025-12-29T07:04:47.87357245Z
,0.71,7.94,-1.39,129336,12.93,77.54,9,1.11,30.13,2025-12-29T07:04:50.951644742Z
,-0.65,6.22,-3.51,129593,12.93,77.54,9,1.11,30.18,2025-12-29T07:04:54.0203142Z
,0.97,14.79,-3.46,129489,12.93,77.54,9,1.11,30.08,2025-12-29T07:04:57.08818445Z
,-1.61,9.48,-2.06,129376,12.93,77.54,9,1.11,30.18,2025-12-29T07:05:00.211056417Z
,-1.61,8.58,-4.78,129744,12.93,77.54,9,1.11,30.18,2025-12-29T07:05:03.314490289Z
,0.09,14.44,-4.88,129210,12.93,77.54,9,1.11,30.08,2025-12-29T07:05:06.303944249Z
,-1.79,7.83,-3.96,129191,12.93,77.54,9,1.11,30.08,2025-12-29T07:05:09.380597367Z
,-1.35,9.74,-1.8,129088,12.93,77.54,9,1.11,30.13,2025-12-29T07:05:12.649086578Z
,-1.15,9.34,-1.5,129381,12.93,77.54,10,2.11,30.13,2025-12-29T07:05:15.735008849Z
,-13.14,10.53,19.61,130142,12.93,77.54,10,2.46,30.08,2025-12-29T07:05:18.793968416Z
,1.55,16.61,-4.02,128999,12.93,77.54,11,0.67,30.13,2025-12-29T07:05:22.28365474Z
,-1.1,9.87,-1.47,128756,12.93,77.54,11,1.85,30.18,2025-12-29T07:05:25.781027237Z
,-6.7,9.97,0.68,128906,12.93,77.54,11,1.85,30.18,2025-12-29T07:05:28.834048551Z
,-0.91,6.52,1.7,130512,12.93,77.54,11,3.98,30.18,2025-12-29T07:05:31.909667737Z
,-2.62,15.61,-6.09,128763,12.93,77.54,11,1.72,30.13,2025-12-29T07:05:34.979616412Z
,-0.54,9.43,-1.62,128875,12.93,77.54,10,1.72,30.32,2025-12-29T07:05:38.042845249Z
,1.1,8.15,-1.96,129310,12.93,77.54,10,1.72,30.27,2025-12-29T07:05:41.331576884Z
,-8.71,8.2,13.46,128753,12.93,77.54,10,1.72,30.32,2025-12-29T07:05:44.404095898Z
,-0.97,9.82,-1.38,129158,12.93,77.54,10,1.72,30.18,2025-12-29T07:05:47.473198725Z
,3.7,19.61,-7.98,129595,12.93,77.54,10,1.72,30.27,2025-12-29T07:05:50.574634821Z
,2.63,19.61,-13.48,129675,12.93,77.54,10,5.46,30.18,2025-12-29T07:05:53.808306024Z
,-5.26,9.53,2.27,129324,12.93,77.54,10,6.57,30.27,2025-12-29T07:05:56.890426629Z
,0.88,8.48,-3.41,128983,12.93,77.54,10,6.57,30.27,2025-12-29T07:05:59.975644079Z
,1.42,8.62,-3.64,128685,12.93,77.54,11,6.57,30.22,2025-12-29T07:06:03.044064413Z
,-6.89,11.97,11.01,129353,12.93,77.54,11,6.57,30.22,2025-12-29T07:06:06.111677809Z
,-0.17,9.11,-2.93,129196,12.93,77.54,11,6.57,30.41,2025-12-29T07:06:09.183997392Z
,-0.24,12.02,-1.2,128437,12.93,77.54,11,6.57,30.22,2025-12-29T07:06:12.461749731Z
,-4.05,3.05,14.24,129230,12.93,77.54,11,6.57,30.27,2025-12-29T07:06:15.725305576Z
,2.35,15.19,-4.37,128677,12.93,77.54,11,0.7,30.32,2025-12-29T07:06:18.826767439Z
,-2.66,9.6,-1.45,128407,12.93,77.54,10,0.28,30.27,2025-12-29T07:06:22.089667748Z
,-4.04,8.32,-1.34,128423,12.93,77.54,9,0.87,30.27,2025-12-29T07:06:25.777954807Z
,-3.89,8.95,-1.3,128887,12.93,77.54,9,0.87,30.27,2025-12-29T07:06:29.262091751Z
,-4.78,7.6,-0.93,127998,12.93,77.54,10,1.69,30.27,2025-12-29T07:06:32.951425178Z
,-2.13,8.3,-2.18,127639,12.93,77.54,10,1.69,30.32,2025-12-29T07:06:36.851362443Z
,-0.35,9.14,-3.54,129149,12.93,77.54,0,12.26,29.61,2025-12-29T07:17:02.698263646Z
,-0.15,9.08,-3.54,129776,12.93,77.54,0,1.46,29.61,2025-12-29T07:17:05.77507848Z
,-3.5,5.29,5.76,128205,12.93,77.54,10,3.94,29.85,2025-12-29T07:17:08.838964208Z
,-3.49,5.39,5.75,129478,12.93,77.54,10,1.06,29.75,2025-12-29T07:17:11.915243919Z
,-7.67,8.22,5.62,129177,12.93,77.54,10,2.7,29.75,2025-12-29T07:17:14.995245679Z
,-1.14,9.81,-2.37,128712,12.93,77.54,10,7.35,29.94,2025-12-29T07:23:14.639337137Z
,-0.91,9.7,-2.33,129484,12.93,77.54,10,7.35,29.89,2025-12-29T07:23:18.311869083Z
,-6.87,18.52,11.32,129087,12.93,77.54,10,3.72,30.04,2025-12-29T07:23:21.80319274Z
,-1.5,9.84,-1.97,129792,12.93,77.54,10,2.59,30.27,2025-12-29T07:23:25.284361845Z
,-7.6,7.02,4.46,129470,12.93,77.54,10,2.59,30.04,2025-12-29T07:23:28.757165928Z
,-1.43,19.5,5.96,128622,12.93,77.54,10,8.13,30.13,2025-12-29T07:23:32.034343364Z
,-0.38,10.76,-1.84,128887,12.93,77.54,8,8.13,30.22,2025-12-29T07:23:35.520159434Z
,-2.58,11.14,-1.23,129437,12.93,77.54,8,8.13,30.22,2025-12-29T07:23:43.508550594Z
,-2.21,10.43,-1.99,129455,12.93,77.54,9,3.11,30.22,2025-12-29T07:23:46.921791239Z
,-1.93,10.28,-6.74,129249,12.93,77.54,9,2.22,30.37,2025-12-29T07:23:50.138621163Z
,0.83,12.3,0.08,129391,12.93,77.54,9,2.22,30.41,2025-12-29T07:23:53.130290184Z
,0.77,12.25,0.35,129275,12.93,77.54,9,2.22,30.41,2025-12-29T07:23:56.219653848Z
,-1.77,5,-2.18,129109,12.93,77.54,9,2.22,30.41,2025-12-29T07:23:59.910718755Z
,-1.33,9.96,-0.85,128542,12.93,77.54,9,2.22,30.41,2025-12-29T07:24:04.684527668Z
,-1.37,9.84,-0.94,128541,12.93,77.54,9,2.22,30.37,2025-12-29T07:24:08.078269966Z
,-6.55,10.96,16.9,128340,12.94,77.54,8,7.28,30.37,2025-12-29T07:24:11.722434898Z
,-0.38,12.27,-0.39,128678,12.94,77.54,8,7.28,30.51,2025-12-29T07:24:15.45800888Z
,-3.25,9.51,-2.53,128132,12.94,77.54,8,2.37,30.41,2025-12-29T07:24:18.536919949Z
,-3.24,9.65,0.29,128001,12.94,77.54,8,1.04,30.51,2025-12-29T07:24:22.01220281Z
,2.86,14.94,0.64,128279,12.94,77.54,8,3.87,30.46,2025-12-29T07:24:25.108863119Z
,-6.26,9.86,12.3,127650,12.94,77.54,8,3.87,30.51,2025-12-29T07:24:29.017405018Z
,-0.98,14.07,3.11,128920,12.94,77.54,8,3.87,30.6,2025-12-29T07:24:32.045637647Z
,2.04,1.92,-7.16,130976,12.94,77.54,8,3.87,30.51,2025-12-29T07:24:35.5484172Z
,-5.57,19.61,1.24,128850,12.94,77.54,8,3.87,30.51,2025-12-29T07:24:38.632345225Z
,6.81,14.09,-7.41,128953,12.94,77.54,8,4.41,30.55,2025-12-29T07:24:42.136996169Z
,4.42,11.77,4.84,129191,12.94,77.54,8,1.46,30.6,2025-12-29T07:24:45.350130906Z
,-8.54,12.79,12.08,128607,12.94,77.54,8,1.46,30.51,2025-12-29T07:24:48.849291657Z
,-10.04,12.56,-2.98,128288,12.94,77.54,8,1.46,30.6,2025-12-29T07:24:56.8126668Z
,2.1,18.24,4.35,128390,12.94,77.54,8,1.46,30.69,2025-12-29T07:25:02.975820723Z
,-2.79,10.61,-0.35,128359,12.94,77.54,8,5.06,30.65,2025-12-29T07:25:06.032791007Z
,0.85,10.9,-1.14,128456,12.94,77.54,9,5.06,30.6,2025-12-29T07:25:09.322392445Z
,-6.37,7.49,-0.82,127877,12.94,77.54,9,5.06,30.55,2025-12-29T07:25:12.388878366Z
,2.38,19.61,12.33,128325,12.94,77.54,9,5.06,30.69,2025-12-29T07:25:15.876952194Z
,10.1,17.19,19.61,127927,12.94,77.54,9,5.06,30.69,2025-12-29T07:25:19.160312735Z
,-7.77,19.61,-12.31,128501,12.94,77.54,10,5.06,30.6,2025-12-29T07:25:23.03303551Z
,-2.93,10.82,1.63,128025,12.94,77.54,10,5.06,30.69,2025-12-29T07:25:26.131726752Z
,-9.69,19.61,14.77,127808,12.94,77.54,10,5.06,30.6,2025-12-29T07:25:29.192809384Z
,-15.36,15.91,-2.2,127730,12.94,77.54,10,5.06,30.6,2025-12-29T07:25:32.261313997Z
,-1.21,11.36,0.09,127447,12.94,77.54,10,5.06,30.74,2025-12-29T07:25:35.528986504Z
,-2.37,8.76,-1.5,127382,12.94,77.54,10,5.06,30.69,2025-12-29T07:25:38.600902184Z
,0.17,-0.43,-4.05,127832,12.94,77.54,10,7.78,30.74,2025-12-29T07:25:41.676244879Z
,3.87,19.61,2.1,127398,12.94,77.54,8,11.39,30.74,2025-12-29T07:25:44.74363843Z
,-8.84,5.58,19.61,127531,12.94,77.54,7,15.45,30.74,2025-12-29T07:25:48.0376367Z
,-17.52,10,8.45,128008,12.94,77.54,7,4.09,30.69,2025-12-29T07:25:51.106903083Z
,0.91,2.89,-4.67,127599,12.94,77.54,7,4.09,30.74,2025-12-29T07:25:54.380238318Z
,-11.09,10.09,19.61,127393,12.94,77.54,7,4.09,30.74,2025-12-29T07:25:58.078500168Z
,-0.18,11.47,-1.33,127664,12.94,77.54,7,2.87,30.74,2025-12-29T07:26:01.549089074Z
,-1.87,10.64,-1.11,128292,12.94,77.54,7,2.87,30.79,2025-12-29T07:26:04.817552606Z
,-1.83,18.17,16.78,127524,12.94,77.54,6,4.78,30.79,2025-12-29T07:26:08.107824951Z
,-1.11,11.53,0.02,128004,12.94,77.54,7,4.78,30.79,2025-12-29T07:26:11.801941746Z
,-1.12,12.67,-1.7,127805,12.94,77.54,8,2.91,30.79,2025-12-29T07:26:14.859917606Z
,-0.08,16.32,0.13,127625,12.94,77.54,8,1.17,30.88,2025-12-29T07:26:18.343149863Z
,-3.21,10.64,-1.83,128015,12.94,77.54,8,1.17,30.79,2025-12-29T07:26:22.276265711Z
,-1.47,0.42,-3.75,127828,12.94,77.54,9,5.41,30.84,2025-12-29T07:26:25.70613419Z
,-6.3,9.84,-1.22,127754,12.94,77.54,9,2.19,30.88,2025-12-29T07:26:29.621396776Z
,-1.62,11.46,1.02,128271,12.94,77.53,8,2.19,30.88,2025-12-29T07:26:33.532475877Z
,-9.42,6.49,19.61,127413,12.94,77.53,9,1.2,30.79,2025-12-29T07:26:37.251925314Z
,-3.86,14.62,9.43,127714,12.94,77.53,8,1.39,30.74,2025-12-29T07:26:40.870099885Z
,-4.01,14.61,9.42,128730,12.94,77.53,8,1.39,30.93,2025-12-29T07:26:44.857111015Z
,-11.95,16.92,-10.96,129046,12.94,77.53,8,1.39,30.84,2025-12-29T07:26:48.269201165Z
,-0.42,15.11,-0.88,128149,12.94,77.53,8,1.39,30.84,2025-12-29T07:26:51.735027032Z
,-0.32,15.46,-0.49,128070,12.94,77.53,8,1.39,30.88,2025-12-29T07:26:55.619406502Z
,1.41,15.81,-5.44,128053,12.94,77.53,8,1.39,30.98,2025-12-29T07:26:59.104521335Z
,1.45,15.94,-5.66,127782,12.94,77.53,8,0.46,30.93,2025-12-29T07:27:02.790012035Z
,-6.21,8.63,12.03,128069,12.94,77.53,8,0.46,30.88,2025-12-29T07:27:06.25046162Z
,-0.12,11.66,-1.5,128578,12.94,77.53,8,0.46,30.93,2025-12-29T07:27:09.959979442Z
,7.07,4.43,-10.95,129446,12.94,77.53,8,2.17,30.93,2025-12-29T07:27:13.42045312Z
,19.61,17.64,-14.72,127624,12.94,77.53,7,2.17,30.98,2025-12-29T07:27:29.481234482Z
,0.42,9.6,-1.94,126349,12.94,77.53,7,0.69,30.98,2025-12-29T07:27:34.44858636Z
,-0.53,9.45,-2.15,128669,12.94,77.53,0,0.69,30.93,2025-12-29T07:27:38.285532176Z
,0.18,8.99,-4.97,127908,12.94,77.53,0,0.69,30.98,2025-12-29T07:27:42.104173677Z
,0.17,8.81,-5.15,126901,12.94,77.53,0,0.69,31.07,2025-12-29T07:27:45.439971415Z
,0.17,8.78,-5.19,125870,12.94,77.53,0,0.69,31.07,2025-12-29T07:27:49.096870833Z
,0.55,9.51,-2.24,127517,12.94,77.53,0,0.69,31.07,2025-12-29T07:27:52.199176959Z
,0.55,9.47,-2.14,128551,12.94,77.53,0,0.69,31.02,2025-12-29T07:27:55.821914016Z
,-1.58,4.46,-5.55,128366,12.94,77.53,0,0.69,30.98,2025-12-29T07:27:59.52500889Z
,-1.15,9.36,-3.04,128932,12.94,77.53,0,0.69,31.07,2025-12-29T07:28:03.346441328Z
,-0.82,10.02,-1.3,127869,12.94,77.53,0,0.69,30.98,2025-12-29T07:28:06.93477316Z
,-0.82,10.02,-1.3,127869,12.94,77.53,0,0.69,30.98,2025-12-29T07:28:14.673471475Z
,-0.93,10.1,-1.12,128135,12.94,77.53,0,0.69,31.07,2025-12-29T07:28:17.568514277Z
,2.07,7.08,-2.25,128097,12.94,77.53,0,0.69,30.93,2025-12-29T07:28:21.251615933Z
,-1.15,8.79,-4.08,129145,12.94,77.53,0,0.69,30.98,2025-12-29T07:28:33.760168525Z
,-6.47,13.29,-7.09,128076,12.94,77.53,0,0.69,30.93,2025-12-29T07:28:38.000041144Z
,0.56,10.17,-3.16,127985,12.94,77.53,0,0.69,30.88,2025-12-29T07:28:41.084004324Z
,-0.65,10.51,0.94,127337,12.94,77.53,0,0.69,30.88,2025-12-29T07:28:45.000163337Z
,0.92,13.24,-1.72,127929,12.94,77.53,0,0.69,31.02,2025-12-29T07:28:48.877837834Z
,0.28,9.51,-2.56,127457,12.94,77.53,0,0.69,31.02,2025-12-29T07:28:52.982157893Z
,0.16,9.48,-2.4,127125,12.94,77.53,0,0.69,30.93,2025-12-29T07:28:56.856593006Z
,0.2,9.5,-2.39,126796,12.94,77.53,0,0.69,30.93,2025-12-29T07:29:00.421354994Z
,-0.59,8.49,-0.96,126337,12.94,77.53,0,0.69,30.93,2025-12-29T07:29:04.590543379Z
,-1.21,9.1,-1.79,127485,12.94,77.53,0,0.69,31.02,2025-12-29T07:29:08.349038125Z
,-0.07,9.52,-2.2,127304,12.94,77.53,0,0.69,30.98,2025-12-29T07:29:12.061261933Z
,0.44,9.42,-2.23,128365,12.94,77.53,0,0.69,31.02,2025-12-29T07:29:15.983673656Z
,-3.65,18.11,7.45,127740,12.94,77.53,0,0.69,31.02,2025-12-29T07:29:19.80401327Z
,-1.09,9.4,-1.89,127911,12.94,77.53,0,0.69,30.93,2025-12-29T07:29:23.232828388Z
,-1.47,16.65,5.44,125699,,,,,29.89,2025-12-29T07:39:10.077588599Z
,-0.66,16.18,5.91,125188,,,,,29.94,2025-12-29T07:39:13.091705808Z
,0.67,9.49,-2.61,124336,,,,,29.99,2025-12-29T07:39:16.603581826Z
,-0.32,9.64,-3.47,125774,,,,,30.13,2025-12-29T07:39:20.344901188Z
,0.07,19.61,1.4,125998,,,,,30.13,2025-12-29T07:39:28.341425595Z
,-11.45,13.75,-2.76,124947,,,,,30.13,2025-12-29T07:39:31.739901261Z
,-0.75,9.23,-3.24,125188,,,,,30.18,2025-12-29T07:39:35.440506693Z
,-0.91,9.19,-3.92,124570,,,,,30.18,2025-12-29T07:39:39.518887122Z
,-1.27,9.18,-2.05,125023,,,,,30.13,2025-12-29T07:39:42.999091264Z
,0.28,9.52,-2.26,124433,,,,,30.13,2025-12-29T07:39:46.477672604Z
,0.81,9.51,-2.47,124210,,,,,30.27,2025-12-29T07:39:50.231442522Z
,0.34,9.5,-2.38,122890,,,,,30.18,2025-12-29T07:39:53.521461239Z
,-0.92,9.46,-2,125645,,,,,30.32,2025-12-29T07:39:56.942882298Z
,0.11,7.14,-3.59,125627,,,,,30.22,2025-12-29T07:40:00.82925384Z
,0.14,9.38,-3.35,124121,,,,,30.27,2025-12-29T07:40:41.992949489Z
,0.06,9.36,-3.34,124061,,,,,30.22,2025-12-29T07:40:44.439934974Z
,0.12,9.38,-3.27,124100,,,,,30.32,2025-12-29T07:40:46.905520609Z
,0.11,9.91,-3.4,124132,,,,,30.27,2025-12-29T07:40:49.59730836Z
,0.16,9.39,-3.21,126626,,,,,30.32,2025-12-29T07:40:52.005119258Z
,0.25,9.81,-1.18,125458,,,,,30.27,2025-12-29T07:40:55.315634874Z
,-1.22,8.78,1.18,126157,,,,,30.27,2025-12-29T07:40:59.220020752Z
,1.64,7.78,-2.89,126383,,,,,30.37,2025-12-29T07:41:02.710201128Z
,0.95,19.61,-8.79,126243,,,,,30.27,2025-12-29T07:41:06.164977565Z
,-0.9,6.78,-3.75,126174,12.94,77.53,8,1.24,30.27,2025-12-29T07:41:10.140145785Z
,-1.35,8.79,-3.68,125836,12.94,77.53,8,1.24,30.27,2025-12-29T07:41:13.954660963Z
,0.16,10.48,-1.95,126431,12.94,77.53,8,1.24,30.18,2025-12-29T07:41:17.623781454Z
,-2.61,9.92,-1.92,125777,12.94,77.53,8,1.24,30.22,2025-12-29T07:41:21.525830709Z
,-2.57,9.74,-1.79,127046,12.94,77.53,8,1.24,30.18,2025-12-29T07:41:25.017157446Z
,0.88,19.16,-6.93,126741,12.94,77.53,7,5.43,30.22,2025-12-29T07:41:28.880195514Z
,-5.18,10.7,-3.31,125633,12.94,77.53,7,5.43,30.22,2025-12-29T07:41:32.198382346Z
,-0.68,9.39,-2.28,127235,12.94,77.53,7,5.43,30.22,2025-12-29T07:41:35.84429596Z
,-9.29,17.54,-5.24,125657,12.94,77.53,7,5.43,30.32,2025-12-29T07:41:38.919616399Z
,-13.63,14.31,5.98,126277,12.94,77.53,8,5.06,30.18,2025-12-29T07:41:41.982499206Z
,-9.95,16.46,15.24,126411,12.94,77.53,8,5.06,30.32,2025-12-29T07:41:45.685173273Z
,12.82,16.99,-19.61,126808,12.94,77.53,8,5.06,30.37,2025-12-29T07:41:49.366676558Z
,-0.57,8.7,-4.63,126257,12.94,77.53,8,5.06,30.32,2025-12-29T07:41:53.458883314Z
,-0.81,8.77,-4.54,126610,12.94,77.53,9,2.09,30.27,2025-12-29T07:41:56.722027475Z
,-2.11,9.37,-3.59,126008,12.94,77.53,8,2.11,30.22,2025-12-29T07:42:00.278523499Z
,-13.81,7.76,19.61,125586,12.94,77.53,8,2.11,30.22,2025-12-29T07:42:03.52498685Z
,-1.27,9.45,-2.09,126376,12.94,77.53,8,2.11,30.27,2025-12-29T07:42:07.600872944Z
,-1.28,9.45,-2.84,125891,12.94,77.53,8,0.89,30.27,2025-12-29T07:42:11.079019467Z
,-1.72,8.72,-2.46,126262,12.94,77.53,7,0.81,30.27,2025-12-29T07:42:14.564145531Z
,-1.48,9.5,-2.17,125650,12.94,77.53,7,0.81,30.27,2025-12-29T07:42:18.44527609Z
,-0.82,10.27,-1.76,125722,12.94,77.54,7,2.35,30.32,2025-12-29T07:42:21.726421055Z
,-0.28,9.47,-1.54,125806,12.94,77.54,7,2,30.27,2025-12-29T07:42:24.983859127Z
,-1.65,10.15,-2.11,126716,12.94,77.54,5,3.39,30.18,2025-12-29T07:42:28.937947977Z
,0.71,3.74,-5.95,125607,12.94,77.54,5,3.39,30.22,2025-12-29T07:42:36.656016991Z
,-1.27,9.95,-1.8,126119,12.94,77.54,8,3.39,30.22,2025-12-29T07:42:39.7310944Z
,-0.97,14.29,2.34,126147,12.94,77.54,10,6.67,30.22,2025-12-29T07:42:42.811714787Z
,4.32,5.19,-8.72,126094,12.94,77.54,10,4.82,30.18,2025-12-29T07:42:45.883665274Z
,2.16,9.8,-3,126243,12.94,77.54,10,4.07,30.32,2025-12-29T07:42:48.951380486Z
,-1.72,9.99,-3.5,126329,12.94,77.54,9,4.07,30.22,2025-12-29T07:42:52.023731663Z
,-1.98,9.41,-3.83,126382,12.94,77.54,10,4.07,30.27,2025-12-29T07:42:55.117238314Z
,-3.7,6.79,-3.66,126729,12.94,77.54,10,4.07,30.27,2025-12-29T07:42:58.557687069Z
,-3.77,14.77,-11.91,125194,12.94,77.54,10,4.07,30.32,2025-12-29T07:43:01.648804948Z
,-15.33,8.93,15.5,125683,12.94,77.54,10,5.72,30.22,2025-12-29T07:43:04.714965067Z
,1.93,5.8,-3.75,125001,12.94,77.54,9,5.26,30.32,2025-12-29T07:43:07.783878635Z
,-1.65,5.4,5.19,125097,12.94,77.54,10,7.93,30.32,2025-12-29T07:43:11.088225038Z
,-5.83,6.11,4.8,125841,12.94,77.54,8,7.32,30.18,2025-12-29T07:43:14.138984617Z
,-1.56,8.75,-4.43,125744,12.94,77.54,8,7.32,30.32,2025-12-29T07:43:17.421031067Z
,3.67,8.76,0.24,125782,12.94,77.54,8,7.32,30.37,2025-12-29T07:43:20.517345023Z
,1.23,14.56,-2.77,125861,12.94,77.54,8,7.32,30.27,2025-12-29T07:43:23.599423731Z
,-1.29,9.76,-1.05,124764,12.94,77.54,8,1.8,30.37,2025-12-29T07:43:26.846901103Z
,-0.69,9.3,-2.62,126063,12.94,77.54,6,3.3,30.32,2025-12-29T07:43:29.909816429Z
,4.68,2.93,-10.28,125825,12.94,77.54,6,3.3,30.32,2025-12-29T07:43:32.996964495Z
,5.85,7.15,-8.1,126159,12.94,77.54,7,3.3,30.27,2025-12-29T07:43:36.504157116Z
,-5.15,12.02,-1.63,125225,12.94,77.54,7,3.3,30.32,2025-12-29T07:43:39.540087073Z
,-14.37,4.48,19.61,126223,12.94,77.54,7,5.7,30.37,2025-12-29T07:43:43.630416917Z
,-0.9,10.65,1.78,125937,12.94,77.54,5,5.7,30.37,2025-12-29T07:43:47.144151057Z
,2.09,8.87,-11.08,125748,12.94,77.54,5,5.7,30.37,2025-12-29T07:43:50.456709031Z
,-1.69,8.96,-2.61,125774,12.94,77.54,5,5.7,30.37,2025-12-29T07:43:53.881377453Z
,0.06,10.61,-1.99,125867,12.94,77.54,5,5.7,30.37,2025-12-29T07:43:57.364255584Z
,0.34,10.81,-1.86,125008,12.94,77.54,5,5.7,30.32,2025-12-29T07:44:00.630368683Z
,-1.28,12.22,-0.2,126382,12.94,77.54,5,5.7,30.27,2025-12-29T07:44:04.343978092Z
,-17.81,19.61,-0.51,126519,12.94,77.54,7,4.7,30.32,2025-12-29T07:44:08.018091849Z
,-1.43,9.43,-1.99,125505,12.94,77.54,7,8.93,30.32,2025-12-29T07:44:11.287579317Z
,-1.43,9.41,-2.16,126455,12.94,77.54,7,8.93,30.27,2025-12-29T07:44:15.185042561Z
,-3.49,12.18,0.77,126317,12.94,77.54,7,8.93,30.41,2025-12-29T07:44:19.27569364Z
,-1.4,9.36,-1.26,126441,12.94,77.54,7,8.93,30.41,2025-12-29T07:44:23.186489685Z
,-1.28,9.32,-1.27,125603,12.94,77.54,7,0.48,30.37,2025-12-29T07:44:26.500101844Z
,2.28,10.63,0.32,125727,12.94,77.54,7,0.48,30.32,2025-12-29T07:44:29.931943912Z
,1.41,9.11,-6.86,126158,12.94,77.54,9,0.76,30.32,2025-12-29T07:44:33.420306156Z
,1.38,19.61,-10.59,126703,12.94,77.54,8,0.76,30.37,2025-12-29T07:44:36.879093622Z
,1.33,19.61,-10.87,125445,12.94,77.54,8,0.76,30.37,2025-12-29T07:44:40.640821254Z
,-1.11,9.41,-3.46,125788,12.94,77.54,8,0.76,30.46,2025-12-29T07:44:44.267336852Z
,-0.68,11.37,12.03,125213,12.94,77.54,8,0.35,30.46,2025-12-29T07:44:47.737816894Z
,-8.6,2.66,6.19,125081,12.94,77.54,8,2.59,30.37,2025-12-29T07:44:51.226478196Z
,-4.07,10.39,1.25,124558,12.94,77.54,8,2.59,30.41,2025-12-29T07:44:54.709246822Z
,-1.62,9.22,-1.42,126634,12.94,77.54,7,0.39,30.51,2025-12-29T07:44:57.793186927Z
,-5.79,10.36,-2.73,126296,12.94,77.54,7,5,30.41,2025-12-29T07:45:01.129506139Z
,1.21,9.63,-1.76,124536,12.94,77.54,7,5,30.46,2025-12-29T07:45:04.135180034Z
,-0.28,9.4,-1.92,125794,12.94,77.54,7,5,30.46,2025-12-29T07:45:08.026955606Z
,-8.68,8.66,19.6,126521,12.94,77.54,7,5,30.51,2025-12-29T07:45:11.715033484Z
,-8.96,8.68,18.81,127129,12.94,77.54,7,5,30.6,2025-12-29T07:45:15.197315789Z
,0.64,13.37,-1.01,126583,12.93,77.54,8,5,30.51,2025-12-29T07:45:18.657465864Z
,0.58,13.38,-0.87,126894,12.93,77.54,8,5,30.51,2025-12-29T07:45:21.742304807Z
,-0.95,13.64,-0.86,126142,12.93,77.54,9,5.09,30.51,2025-12-29T07:45:25.032621427Z
,8.33,0.05,0.96,126664,12.93,77.54,8,5.56,30.51,2025-12-29T07:45:28.298332714Z
,-9.15,11.77,-1.56,126171,12.93,77.54,8,5.56,30.55,2025-12-29T07:45:31.584641058Z
,-5.18,7.58,-6.7,126623,12.93,77.54,8,5.56,30.6,2025-12-29T07:45:35.533250645Z
,-2.55,7.29,-8.44,126444,12.93,77.54,8,4.67,30.55,2025-12-29T07:45:38.749075322Z
,-12.41,6.4,15.65,126155,12.93,77.54,8,4.61,30.6,2025-12-29T07:45:42.428950801Z
,-12.17,6.97,15.66,126451,12.93,77.54,8,6.96,30.55,2025-12-29T07:45:46.316754156Z
,-0.18,19.61,3.75,126447,12.93,77.54,8,6.96,30.55,2025-12-29T07:45:49.610146085Z
,-13.66,13.94,3.84,126234,12.93,77.54,8,4.98,30.51,2025-12-29T07:45:53.725032597Z
,-1.74,8.59,-2.09,127044,12.93,77.54,9,1.56,30.55,2025-12-29T07:45:56.976772817Z
,2.28,3.95,-9.79,126655,12.93,77.54,8,3.09,30.65,2025-12-29T07:46:00.41735722Z
,-19.61,19.61,19.61,126875,12.93,77.54,8,3.09,30.65,2025-12-29T07:46:03.936836039Z
,0.66,14.01,0.12,126895,12.93,77.54,8,6.76,30.6,2025-12-29T07:46:07.211736842Z
,-0.68,16.01,-4.28,126258,12.93,77.54,8,6.76,30.55,2025-12-29T07:46:10.481963634Z
,-11.52,19.61,13.35,127604,12.93,77.54,8,6.76,30.6,2025-12-29T07:46:13.795369803Z
,-2.96,9.62,-0.84,126024,12.93,77.54,8,1.33,30.65,2025-12-29T07:46:17.246006542Z
,-2.51,9.23,1.35,125727,12.93,77.54,8,1.33,30.65,2025-12-29T07:46:20.731558058Z
,-3.22,8.73,-0.3,126148,12.93,77.54,8,1.33,30.74,2025-12-29T07:46:24.317178508Z
,-0.15,9.4,-2.38,125818,12.93,77.54,8,1.33,30.65,2025-12-29T07:46:28.625486935Z
,-0.81,9.67,-2.15,124754,12.93,77.54,8,0.94,30.79,2025-12-29T07:46:32.395881053Z
,-1.41,9.38,-1.79,127692,12.93,77.54,7,0.48,30.74,2025-12-29T07:46:36.144399793Z
,-7.16,11.76,-2.72,126545,12.93,77.54,7,1.69,30.69,2025-12-29T07:46:39.772514926Z
,-2.47,9.42,-1.53,126107,12.93,77.54,7,1.69,30.65,2025-12-29T07:46:43.468147049Z
,-0.91,7.71,1.4,127432,12.93,77.54,7,1.69,30.79,2025-12-29T07:46:47.387813405Z
,-1.16,10.57,-0.98,125693,12.93,77.54,6,3.39,30.74,2025-12-29T07:46:51.233678199Z
,-1.2,8.54,-2.89,126021,12.93,77.54,4,2.07,30.74,2025-12-29T07:46:54.936797037Z
,1.77,13.62,-1.97,126613,12.93,77.54,4,2.59,30.84,2025-12-29T07:46:58.202647751Z
,1.48,13.49,-2.31,126834,12.93,77.54,7,2.59,30.69,2025-12-29T07:47:02.486073584Z
,-0.31,9.13,-2.93,126616,12.93,77.54,7,2.59,30.79,2025-12-29T07:47:05.56948357Z
,-2.84,9.88,2.95,127107,12.93,77.54,7,2.48,30.74,2025-12-29T07:47:08.627397797Z
,-0.31,9.4,-2.24,125632,12.93,77.54,8,1.48,30.84,2025-12-29T07:47:11.714433926Z
,-1.45,10.05,0.27,126210,12.93,77.54,9,1.11,30.79,2025-12-29T07:47:15.198573472Z
,-2.2,13.26,7.44,124863,12.93,77.54,7,1,30.88,2025-12-29T07:47:18.276314914Z
